-- phpMyAdmin SQL Dump
-- version 2.8.0.3
-- http://www.phpmyadmin.net
-- 
-- Host: localhost
-- Generation Time: Jun 07, 2016 at 12:40 PM
-- Server version: 5.0.75
-- PHP Version: 5.2.6-3ubuntu4.6
-- 
-- Database: `semkhus`
-- 

-- --------------------------------------------------------

-- 
-- Table structure for table `tbl_admin`
-- 

CREATE TABLE `tbl_admin` (
  `username` varchar(11) default NULL,
  `pass` varchar(13) default NULL
) ENGINE=InnoDB DEFAULT CHARSET=latin1;

-- 
-- Dumping data for table `tbl_admin`
-- 

INSERT INTO `tbl_admin` (`username`, `pass`) VALUES ('sasing', 'sasing01'),
('pbi', 'pbi01'),
('admin', 'admin123');

-- --------------------------------------------------------

-- 
-- Table structure for table `tbl_matkul`
-- 

CREATE TABLE `tbl_matkul` (
  `no` int(6) NOT NULL auto_increment,
  `id_matkul` varchar(6) default NULL,
  `nm_matkul` varchar(75) default NULL,
  `id_prodi` varchar(5) default NULL,
  PRIMARY KEY  (`no`),
  KEY `id_prodi` (`id_prodi`)
) ENGINE=InnoDB AUTO_INCREMENT=67 DEFAULT CHARSET=latin1 AUTO_INCREMENT=67 ;

-- 
-- Dumping data for table `tbl_matkul`
-- 

INSERT INTO `tbl_matkul` (`no`, `id_matkul`, `nm_matkul`, `id_prodi`) VALUES (1, 'ING213', 'Pronunciation', '21114'),
(7, 'ING223', 'Translation', '21114'),
(8, 'ING224', 'Lexico-grammar', '21114'),
(9, 'ING225', 'Introduction to Linguistics', '21114'),
(11, 'ING227', 'Sociolinguistics in Theory', '21114'),
(13, 'ING229', 'Introduction to English Literature ', '21114'),
(16, 'SBI203', 'Introduction to Translation Studies', '21114'),
(17, 'SBI204', 'Introduction to Prose', '21114'),
(18, 'SBI205', 'Introduction to Drama', '21114'),
(19, 'SBI206', 'Introduction to Poetry', '21114'),
(20, 'SBI207', 'British Culture and Literature I', '21114'),
(21, 'SBI208', 'British Culture and Literature II', '21114'),
(22, 'SBI209', 'American Culture and Literature I', '21114'),
(23, 'SBI210', 'American Culture and Literature II', '21114'),
(24, 'SBI211', 'Australian Culture and Literature I', '21114'),
(25, 'SBI212', 'Australian Culture and Literature II', '21114'),
(29, 'SBI216', 'Aesthetics ', '21114'),
(30, 'SBI217', 'Semiotics', '21114'),
(46, 'ING219', 'Intermediate Structure (Structure I )', '21114'),
(47, 'ING220', 'Upper Intermediate Structure (Structure II)', '21114'),
(48, 'ING221', 'Pre-advanced Structure (Structure III)', '21114'),
(49, 'ING222', 'Structure IV', '21114'),
(53, 'ING226', 'Phonetics and Phonology', '21114'),
(54, 'ING219', 'Stucture I', '20224'),
(55, 'ING220', 'Structure II', '20224'),
(56, 'ING221', 'Structure III', '20224'),
(57, 'ING222', 'Structure IV', '20224'),
(58, 'ING225', 'Introduction to Linguistics', '20224'),
(59, 'ING224', 'Lexico-grammar', '20224'),
(60, 'ENG621', 'Basic Communicative Grammar Skills', '20224'),
(61, 'ENG621', 'Pre-Intermediate Communicative Grammar Skill', '20224'),
(62, 'ING226', 'Phonetics and Phonology', '20224'),
(63, 'ING203', 'Listening III', '20224'),
(64, 'ING216', 'Writing III', '20224'),
(65, 'PBI201', 'Discourse Analysis', '20224'),
(66, 'PBI214', 'Introduction to English for Children', '20224');

-- --------------------------------------------------------

-- 
-- Table structure for table `tbl_mhs`
-- 

CREATE TABLE `tbl_mhs` (
  `id_mhs` varchar(11) NOT NULL,
  `nm_mhs` varchar(100) default NULL,
  `id_prodi` varchar(5) default NULL,
  PRIMARY KEY  (`id_mhs`),
  KEY `id_prodi` (`id_prodi`)
) ENGINE=InnoDB DEFAULT CHARSET=latin1;

-- 
-- Dumping data for table `tbl_mhs`
-- 

INSERT INTO `tbl_mhs` (`id_mhs`, `nm_mhs`, `id_prodi`) VALUES ('09202241001', 'DESTY FERDIYANA', '20224'),
('09202241002', 'EKA SUPRIYANTO', '20224'),
('09202241003', 'YESI SUSANTI', '20224'),
('09202241004', 'RENI NASTITI', '20224'),
('09202241005', 'SINTIA TRISNANDARI', '20224'),
('09202241006', 'HARDIAN ZUDIANTO', '20224'),
('09202241007', 'YUNI PUTRI UTAMI', '20224'),
('09202241008', 'LAILA FITRIA MUFIDAH', '20224'),
('09202241009', '', '20224'),
('09202241010', 'AMELIA DIAH PURWATI', '20224'),
('09202241011', 'ANDHYKA MURTI', '20224'),
('09202241012', 'PRIMA ARIF MAULANA', '20224'),
('09202241013', 'IKA NURYANI', '20224'),
('09202241014', 'ASEP SETIADI', '20224'),
('09202241015', 'ZULIMAH', '20224'),
('09202241016', 'RAGIL SAFITRI', '20224'),
('09202241017', 'DWI PUTRANTI', '20224'),
('09202241018', 'NUARRIFA PRABASARI', '20224'),
('09202241019', 'MUSTIKA', '20224'),
('09202241020', 'HUSNUL K H A', '20224'),
('09202241021', 'HESTIWIJAYA', '20224'),
('09202241022', 'DWI ARIYANI', '20224'),
('09202241023', 'DEFI TRISNASARI', '20224'),
('09202241024', 'HADRIAN PRIANGGA P', '20224'),
('09202241025', 'AGUSTINUS DWI CP', '20224'),
('09202241026', 'ASFAR ARIF N', '20224'),
('09202241027', 'UMI FARIDA', '20224'),
('09202241028', 'FITRI SARIWULAN', '20224'),
('09202241029', 'DWI TUGIWATI', '20224'),
('09202241030', 'DITTA MUSTIKA R', '20224'),
('09202241031', 'THERESIA ROSARIA P K', '20224'),
('09202241032', 'FLORENTINA S', '20224'),
('09202241033', 'FRANSISCA DITA P', '20224'),
('09202241034', 'KHOIRU ROSADI', '20224'),
('09202241035', 'AJENG LATIFAH F', '20224'),
('09202241036', 'DEWI NURUL L M', '20224'),
('09202241037', 'ARDY TRI YUNIANTO', '20224'),
('09202241038', 'DENNY TOTO PRASETYO', '20224'),
('09202241039', 'AGUS IMRON M', '20224'),
('09202241040', 'VINDA KARUNIA SATRIA', '20224'),
('09202241041', 'NINING NAZRIH', '20224'),
('09202241042', 'MURNI WIDODO', '20224'),
('09202241043', 'RINA ARIFATUL K', '20224'),
('09202241044', 'FITRI APRILIYANI', '20224'),
('09202241045', 'GEUBRI BILQIS SYAKUR', '20224'),
('09202241046', 'DESI SUGIARTI', '20224'),
('09202241047', 'HANI KLAFRINA', '20224'),
('09202241048', 'WINDA HASTUTI', '20224'),
('09202241049', 'FESTRI YUDANIKA', '20224'),
('09202241050', 'TEDDY ANSYAH ABIDIN', '20224'),
('09202241051', 'ANNISA SENDIKIA S', '20224'),
('09202241052', 'RENTINA VIDIANTI', '20224'),
('09202241053', 'TITI NAWANGSARI', '20224'),
('09202241054', 'M.DHONI PERDANA', '20224'),
('09202241055', 'ALLAN BUDI SETIAWAN', '20224'),
('09202241056', 'YONKI PRASTIAN A', '20224'),
('09202241057', 'ISA ANGGIT PRASETYA', '20224'),
('09202241058', 'DEHAN AKBAR', '20224'),
('09202241059', 'LISMAWATI', '20224'),
('09202241060', 'MUHAMMAD NUUR R R', '20224'),
('09202241061', 'WINDY HARSIWI', '20224'),
('09202241062', 'SATRIO AJI PRAMONO', '20224'),
('09202241063', 'RAIZSA AN-NUR', '20224'),
('09202241064', 'SAILA MAWATUL AMRINA', '20224'),
('09202241065', 'GALLIS NAWANG GINUST', '20224'),
('09202241066', 'DZAKY MUBARAK FASYA', '20224'),
('09202241067', 'SILVI SALSABIL', '20224'),
('09202241068', 'JOHANES BAPTISTA I', '20224'),
('09202241069', 'FATIKHAH ISMAWATI', '20224'),
('09202241070', 'FARINDO RESKA J', '20224'),
('09202241071', 'MELISA AGUSTINA', '20224'),
('09202241072', 'THOMAS TRIADI WIJAYA', '20224'),
('09202241073', 'HASYA MAHWAN SYAFI', '20224'),
('09202241074', 'WAHYU AJI PERMANA', '20224'),
('09202241075', 'DWI A FEBRIAWATI', '20224'),
('09202241076', 'RENYTA OKFIANI KLAU', '20224'),
('09202241077', 'MERISA RINDI S P', '20224'),
('09202241078', 'SEVY INSANIA SARI', '20224'),
('09202241079', 'NUR ROCHMAN FATONI', '20224'),
('09202241080', 'IQLIMA MAHMUDAH', '20224'),
('09202241081', 'FATIMAH KEN PRATIWI', '20224'),
('09202241082', 'NENI OKTAVIANI', '20224'),
('09202241083', 'VERSEVERANDA LOUSIA', '20224'),
('09202241084', 'LIA AMALIA NIRMAWATI', '20224'),
('09202241085', 'APRIDA NUR RIYA SUSA', '20224'),
('09202241086', 'FAHRUR RIZQI F', '20224'),
('09202241087', 'LISNY KHARISA', '20224'),
('09202241088', 'TAUFIQUR ROHMAN', '20224'),
('09202241089', 'SETYO PURWANINGSIH', '20224'),
('09202241090', 'ZENI SAFIRAH', '20224'),
('09202244001', 'HARDANU SUKATRI', '20224'),
('09202244002', 'ZAINAL ARFIANTO', '20224'),
('09202244003', 'RINA KUSUMAWATI', '20224'),
('09202244004', 'SATYA PERMADI', '20224'),
('09202244005', 'DESY PRATIWI', '20224'),
('09202244006', 'GANDI NURPRATIWI', '20224'),
('09202244007', 'RURYANA PAMULA NOVI W.', '20224'),
('09202244008', 'JUNIATI NURKASANAH', '20224'),
('09202244009', 'ARIS WIBOWO', '20224'),
('09202244010', 'NOVIA SAPTIAFI SIMANGUNSONG', '20224'),
('09202244011', 'YANUAR HESTI ARDINI', '20224'),
('09202244012', 'AGATHA SIBA ATAWUWUR', '20224'),
('09202244013', 'BEAUTY K. S.', '20224'),
('09202244014', 'ADRI MURTI ALMAS', '20224'),
('09202244015', 'MUHAMMAD AGUNG BUONO', '20224'),
('09202244016', 'IDHA KURNIASARI DEWI', '20224'),
('09202244017', 'GALIH SINASTRA SETYAKA', '20224'),
('09202244018', 'DEVI ANGGRAENI PUSPITASARI', '20224'),
('09202244019', 'RAGIL PUTRI UTAMI', '20224'),
('09202244020', 'DESIKA WIDRILINA', '20224'),
('09202244021', 'TRI WIJAYANTO', '20224'),
('09202244022', 'ADHI HANGGA NURZANI', '20224'),
('09202244023', 'RATNA DYAH A.', '20224'),
('09202244024', 'TAREQ KEMAL', '20224'),
('09202244025', 'RARA DISKA NURHANA', '20224'),
('09202244026', 'YOSEP KUSUMA WIBAWA', '20224'),
('09202244027', 'ANDRIANA VITA N', '20224'),
('09202244028', 'NOFIA WAHYU NINGRUM', '20224'),
('09202244029', 'VERANITA BUDIANI', '20224'),
('09202244030', 'YANUAR IRAKAS PRIHATNO', '20224'),
('09202244031', 'KHOIRUL FAJARI MARWAN', '20224'),
('09202244032', 'MOHAMAD WISNU ARSI WIB.', '20224'),
('09202244033', 'TRI DARYANTI', '20224'),
('09202244034', 'ANGGI NUGROHO', '20224'),
('09202244035', 'RIZKA ANDRIANI SETYAJI', '20224'),
('09202244036', 'ARISTA FEBRIANTI DWI ANJANI', '20224'),
('09202244037', 'FAHMI DWI PRASETYO', '20224'),
('09202244038', 'SONDANG SAMBODO', '20224'),
('09202244039', 'NURIKA DESITAWARDHANI', '20224'),
('09202244040', 'DEWI YUNIANTI', '20224'),
('09202244041', 'HANNI ARIANTI', '20224'),
('09202244042', 'RATRI ANYAR SARI KUSUMA R.', '20224'),
('09202244043', 'IKA KUSRIANI', '20224'),
('09202244044', 'KURNIA CITRA DEWI', '20224'),
('09202244045', 'ASTRI INDAH PRATIWI', '20224'),
('09202244046', 'DITA YULIANTI', '20224'),
('09202244047', 'HERIDA PANJI OLIVIA AZHAR', '20224'),
('09202244048', 'YANUAR RIZKI PRIYO HANDOKO', '20224'),
('09202244049', 'RINA SHANTI PRATIWI', '20224'),
('09202249001', 'ENI MUTHIATUL MUFLIHAH', '20224'),
('09202249002', 'ENDI PRASETYO', '20224'),
('09202249003', 'SHOLIHATUN A.Md.', '20224'),
('09211141001', 'Nurissa Fatmawati  ', '21114'),
('09211141002', 'Hanifa Pascarina  ', '21114'),
('09211141003', 'Jeihan Jade Archia  ', '21114'),
('09211141004', 'Sigit Wibisono  ', '21114'),
('09211141005', 'Qolidina Noviani  ', '21114'),
('09211141006', 'Maya Permata Sari  ', '21114'),
('09211141007', 'Melita Nadhianti  ', '21114'),
('09211141008', 'Nurhamalah  ', '21114'),
('09211141009', 'Risti Utami Dewi  ', '21114'),
('09211141010', 'Haryopramandito N I  ', '21114'),
('09211141011', 'Dindadari Arum Jati  ', '21114'),
('09211141012', 'Falla Nour Rohmah  ', '21114'),
('09211141013', 'Bangun Endah D J  ', '21114'),
('09211141014', 'Dyah Ayu P  ', '21114'),
('09211141015', 'Yolanda Cynthia P  ', '21114'),
('09211141016', 'Rudiadi Eko Putra  ', '21114'),
('09211141017', 'Dhesta Maydiana Sari  ', '21114'),
('09211141018', 'Kuntadi Adi Setyawan  ', '21114'),
('09211141019', 'Dwi Purnomo  ', '21114'),
('09211141020', 'Prasasti Dyah Nilasa  ', '21114'),
('09211141021', 'Arista Ferdiansyah P  ', '21114'),
('09211141022', 'Deni Rikwanto  ', '21114'),
('09211141023', 'Dhoni Setiawan  ', '21114'),
('09211141024', 'Alfian Darmawan  ', '21114'),
('09211141025', 'Rainy Ayu Gustira  ', '21114'),
('09211141026', 'Hapny Masnur Htg  ', '21114'),
('09211141027', 'Himawan Adi Hidayat', '21114'),
('09211141028', 'Dimas Djoko Pitoyo  ', '21114'),
('09211141029', 'Pratika Mutiara S  ', '21114'),
('09211141030', 'Jafrudin Nasser  ', '21114'),
('09211141031', 'Imam Santoso  ', '21114'),
('09211141032', 'Niki Septi Pawestri  ', '21114'),
('09211141033', 'Mukhammad Sukron N  ', '21114'),
('09211141034', 'Heru Bambang Jaka D  ', '21114'),
('09211141035', 'Idham Rohadi  ', '21114'),
('09211141036', 'Rizka Eka Arfani  ', '21114'),
('09211144001', 'Maria Wintang Rarasati  ', '21114'),
('09211144002', 'Pappo Gilang Sandika  ', '21114'),
('09211144003', 'Katrin Rahma Pandansari  ', '21114'),
('09211144004', 'Isneni Nursiah  ', '21114'),
('09211144005', 'Anindia Ayu Rahmawati  ', '21114'),
('09211144006', 'Kharisma Senja  ', '21114'),
('09211144007', 'Vendy Muchdyasworo Putra  ', '21114'),
('09211144008', 'Herdian Praditya  ', '21114'),
('09211144009', 'Rosma Puspitasari  ', '21114'),
('09211144010', 'Azzahra Zukki Anbiya  ', '21114'),
('09211144011', 'Kistin Hidayati  ', '21114'),
('09211144012', 'Tri Nurlianingsih  ', '21114'),
('09211144013', 'Rezky Abdillah Faisal  ', '21114'),
('09211144014', 'Hilma Aulia Tejawati  ', '21114'),
('09211144015', 'Candra Nila Fitriani  ', '21114'),
('09211144016', 'Arinta Defia Erlinawati  ', '21114'),
('09211144017', 'Imanina Resti S  ', '21114'),
('09211144018', 'Fairuzzamani Inayatillah  ', '21114'),
('09211144019', 'Azizah Nurhayati  ', '21114'),
('09211144020', 'Cahya Nugraha  ', '21114'),
('09211144021', 'Agustinus Widi Nugroho  ', '21114'),
('09211144022', 'Fitria Nur Kiswandari  ', '21114'),
('09211144023', 'Siwi Roel Miyatun  ', '21114'),
('09211144024', 'Alifiana Agus Asari  ', '21114'),
('09211144025', 'Yuhda Wahyu Pradana  ', '21114'),
('09211144026', 'Kristiana Tri Wahyuni  ', '21114'),
('09211144027', 'Raditya Maehendra Geni  ', '21114'),
('09211144028', 'Rizky Fauzia  ', '21114'),
('09211144029', 'Stephanus Ferri Satria Tama  ', '21114'),
('09211144030', 'Ferri Dwi Agustina  ', '21114'),
('09211144031', 'Indra Purnama  ', '21114'),
('09211144032', 'Dio Rizky Wuryanto  ', '21114'),
('09211144033', 'Tulus Angga Wijaya  ', '21114'),
('09211144034', 'Tatik Apriati  ', '21114'),
('09211144035', 'Amiin Rais  ', '21114'),
('09211144036', 'Dita Ayu Firlyani  ', '21114'),
('09211144037', 'Aghnia Nur Rahmah  ', '21114'),
('09211144038', 'Putri Afifah Analystian A  ', '21114'),
('09211144039', 'Fitra Prabowo  ', '21114'),
('09211144040', 'Fanny Ariesta  ', '21114'),
('09211144041', 'Deris Prasetya  ', '21114'),
('09211144042', 'R. Fredi Sulaindra  ', '21114'),
('10202241001', 'RIFKAH SABRINA', '20224'),
('10202241002', 'RETNO RAHMA SAFITRI', '20224'),
('10202241003', 'KIKI JULI ANGGORO', '20224'),
('10202241004', 'P ETY SEKAR HARTONO', '20224'),
('10202241005', 'PUTRI MANGGALA WURI', '20224'),
('10202241006', 'M ARIF RIDHO', '20224'),
('10202241007', 'ASTRI OLLIVIA KUNCAHYA', '20224'),
('10202241008', 'NUR AZIZAH', '20224'),
('10202241009', 'SAHNAZ NATASYA FATH', '20224'),
('10202241010', 'ZIDA MALICHAH', '20224'),
('10202241011', 'NURUL VITA DEWI SARAS', '20224'),
('10202241012', 'RAHMA FITRIANA ', '20224'),
('10202241013', 'FATYANA RACHMA SAPUTRI', '20224'),
('10202241014', 'AHMAD FAUJI RIDWAN', '20224'),
('10202241015', 'TOMMY SAFARSYAH', '20224'),
('10202241016', 'ANGGI SEKARTININGRUM', '20224'),
('10202241017', 'PAMIATI', '20224'),
('10202241018', 'RIZAL', '20224'),
('10202241019', 'RASMAN', '20224'),
('10202241020', 'TITIK SULASMI', '20224'),
('10202241021', 'TATIK SOFIATI', '20224'),
('10202241022', 'ZAQI BAGUS PERDANA', '20224'),
('10202241023', 'ANITA NUR MASYIAH', '20224'),
('10202241024', 'FITRI ALFARISY', '20224'),
('10202241025', 'AHMAD IBNU FAHRIZAL', '20224'),
('10202241026', 'OLGA AZWITA T', '20224'),
('10202241027', 'RISMA NUR K.', '20224'),
('10202241028', 'ARIF INDRA KUSUMA', '20224'),
('10202241029', 'SITA ARISTA WULAN S', '20224'),
('10202241030', 'ZULFAN NUR AZIZ', '20224'),
('10202241031', 'SURANTI TRI ASTUTI', '20224'),
('10202241032', 'NITA M JANNAH', '20224'),
('10202241033', 'TIARA RIZKI N', '20224'),
('10202241034', 'CINTHYA DEWI M.', '20224'),
('10202241035', 'DEVIGANTARI AGUSTA', '20224'),
('10202241036', 'DWI PRIHANTONO J. S.', '20224'),
('10202241037', 'CAHYA ARDI RATANA', '20224'),
('10202241038', 'IRVAN EFFENDI', '20224'),
('10202241039', 'FATIMATUL K N', '20224'),
('10202241040', 'FIA NURASITA P', '20224'),
('10202241041', 'ESTHI NAWANGSASI', '20224'),
('10202241042', 'AFIYUSMA H', '20224'),
('10202241043', 'GALIH AMBARINI', '20224'),
('10202241044', 'ARINI ISNAEN M.', '20224'),
('10202241045', 'CINTIYA MRADIPTA RW', '20224'),
('10202241046', 'ARINTIKA DEVI W', '20224'),
('10202241047', 'PRITA SARI M.D.', '20224'),
('10202241048', 'HERTATI MUKADIMAH', '20224'),
('10202241049', 'NURLITA KUMALA SANI', '20224'),
('10202241050', 'SEPTIANA P', '20224'),
('10202241051', 'WULUR RISANGSUKMO', '20224'),
('10202241052', 'RYAN OKTARINI', '20224'),
('10202241053', 'HANAFI HIDAYAT', '20224'),
('10202241054', 'RIZQIE OKTANTI T', '20224'),
('10202241055', 'EVI AMALIA MAYASARI', '20224'),
('10202241056', 'META SWASTI N', '20224'),
('10202241057', 'ZEN GANO', '20224'),
('10202241058', 'REZZA MAS AJENG P.', '20224'),
('10202241059', 'BAYU SUKMA PRAMESTHI', '20224'),
('10202241060', 'NATALISA KRISNAWATI', '20224'),
('10202241061', 'SATWIKA NINDYA KIRAN', '20224'),
('10202241062', 'ANTA IBNU MARZUQ A', '20224'),
('10202241063', 'NURROHMA HANI N', '20224'),
('10202241064', 'DITA ARINTIA', '20224'),
('10202241065', 'HAFIAN FUAD', '20224'),
('10202241066', 'NURHIDAYAH PERMATA N', '20224'),
('10202241067', 'ANJARSWARI E', '20224'),
('10202241068', 'ERLINNA DEWI SANJANI', '20224'),
('10202241069', 'IDENTIT VIGUR P', '20224'),
('10202241070', 'DESI WULANDARI', '20224'),
('10202241071', 'KINDANI KIROMI', '20224'),
('10202241072', 'FITRIANA S', '20224'),
('10202241073', 'MUHAMMAD ISA', '20224'),
('10202241074', 'TIKA DESTIRATRI S', '20224'),
('10202241075', 'KHUSNUL HARSUL LISAN', '20224'),
('10202241076', 'AULIA PUTRI ARDHIANI', '20224'),
('10202241077', 'MIFTAH NUR SALAM', '20224'),
('10202241078', 'PRADIKA CIPTA N', '20224'),
('10202244001', 'ZARRA WIENITYA LARASATI', '20224'),
('10202244002', 'DHANASTRI HERNINGTYAS', '20224'),
('10202244003', 'I GEDE ARGA ANGGARA', '20224'),
('10202244004', 'NUR RAHMAWATI', '20224'),
('10202244005', 'HANUNG HAMBARA', '20224'),
('10202244006', 'MUH YUSUF ARIF NUR RAHMAT', '20224'),
('10202244007', 'RISKA GESTINA BARAYANTI', '20224'),
('10202244008', 'MUHAMMMAD HAFIDZ RIDLO', '20224'),
('10202244009', 'BAYU PRATOMO', '20224'),
('10202244010', 'SUTONO WIDIAWAN', '20224'),
('10202244011', 'ERIKA YULIA PUSPITASARI', '20224'),
('10202244012', 'IRMA NUR HIDAYATI', '20224'),
('10202244013', 'WAHYU SETYAJI', '20224'),
('10202244014', 'FAUZY ARDYATMOKO', '20224'),
('10202244015', 'SIGIT KRISNA SANTOSA', '20224'),
('10202244016', 'NUR IMAM SYAHRU HUDA', '20224'),
('10202244017', 'DITO HANAFI KIRMANTORO', '20224'),
('10202244018', 'AKHID NUR YUONO', '20224'),
('10202244019', 'DYAH IMANINGRUM', '20224'),
('10202244020', 'DELIA TRISTA NANDA', '20224'),
('10202244021', 'RAHAYU KURNIAWATI', '20224'),
('10202244022', 'BORIS RAMADHIKA', '20224'),
('10202244023', 'DWI MUFIT WIJAYANTI', '20224'),
('10202244024', 'FERI ROKHYANI THOHID', '20224'),
('10202244025', 'KUNTO LAKSONO HADI', '20224'),
('10202244026', 'DESTRA WIBOWO KUSUMO', '20224'),
('10202244027', 'ADI PURWONO', '20224'),
('10202244028', 'AULIA ALBA ANTARIKSA', '20224'),
('10202244029', 'NOVITA EKA SARI', '20224'),
('10202244030', 'PAMELA YENI PURWASTRI', '20224'),
('10202244031', 'YUNUS PURWOWIBOWO', '20224'),
('10202244032', 'KHAERUL RAHMAWAN', '20224'),
('10202244033', 'IKBA ZUDINTA ADY', '20224'),
('10202244034', 'ARDINA SHOFIYAH', '20224'),
('10202244035', 'FITRIANA SULISTIYANINGRUM', '20224'),
('10202244036', 'PADMANINGTYAS WULAN SARI', '20224'),
('10202244037', 'SARAS DHONA SEPTIA', '20224'),
('10202244038', 'KHOIRUN NISAK', '20224'),
('10202244039', 'RISTIANI PRIMANINGSIH', '20224'),
('10202244040', 'TYAS UTAMI', '20224'),
('10202244041', 'ETIKA RATNASARI', '20224'),
('10202244042', 'ANGGUN FITRIANA DEWI', '20224'),
('10202244043', 'NOVIDEWI AYUSARI', '20224'),
('10202244044', 'NUNGGAL SERALATI', '20224'),
('10202244045', 'ABDUL RASYIID WAHYU WICAKSONO', '20224'),
('10202244046', 'BANATUL MURTAFIAH', '20224'),
('10202244047', 'AKHMAD MUAKHOR HUSEN', '20224'),
('10202244048', 'RIZKY AYU MARDHIKANINGRUM', '20224'),
('10202244049', 'GILANG GRAHITA', '20224'),
('10202244050', 'MURNI PUTRIANI', '20224'),
('10202244051', 'AAN KUSRIYADI', '20224'),
('10202244052', 'GADING SUGIARTO', '20224'),
('10202244053', 'KARTIKA PANGESTU RIANI', '20224'),
('10202244054', 'DEVIGANTARI AGUSTA', '20224'),
('10202244055', 'FEBRIYANI ASIH RAHAYU', '20224'),
('10202244056', 'YOHANA DIAN RATNA PURNAMASARI', '20224'),
('10202244057', 'EVY ARDHIANY PUTRI', '20224'),
('10202244058', 'INDAH ISTIQOMAH NINGTIAS', '20224'),
('10202244059', 'FEBRIANTI SUBURONO', '20224'),
('10202244060', 'ISTIKHAROH', '20224'),
('10202244061', 'TIARA SEKARWANGI', '20224'),
('10202244062', 'TIMUR ASY`ARI', '20224'),
('10202244063', 'RIZKY KURNIAWAN', '20224'),
('10202244064', 'RATNA WIDYASTUTI', '20224'),
('10202244065', 'PURBO DWI SISWANTO', '20224'),
('10202244066', 'INTAN WAHYU SAPUTRI', '20224'),
('10202244067', 'DANISIA PUJI WAHYUNI', '20224'),
('10202244068', 'AFIF DWI CAHYANTA', '20224'),
('10202244069', 'ANINDHITA YOGASARI', '20224'),
('10202244070', 'DATI KESUMANINGRUM', '20224'),
('10202244071', 'OKTAVIANI SURYA', '20224'),
('10202244072', 'MUHAMMAD AGUNG SAPUTRA', '20224'),
('10202244073', 'DIMAS SYAEFAN BAYU SAMUDRA', '20224'),
('10202244074', 'FEBRI ANITA ALLATIF', '20224'),
('10202244075', 'TITIN SUHARTINI PUSPITA NINGRUM', '20224'),
('10202244076', 'YHENI SIWI UTAMI', '20224'),
('10202244077', 'NURISMAN WIDHIANTO', '20224'),
('10202244078', 'ANA YUPIKA PUTRI', '20224'),
('10202244079', 'PURI DESTIAR INDRESWARI', '20224'),
('10202244080', '`RENI CAHYO WENING', '20224'),
('10202244081', 'DWI ANNISA RACHMAWATI', '20224'),
('10202244082', 'NITA LISTIYANINGTYAS', '20224'),
('10202244083', 'HEBRIAN RACHMA WIJAYA', '20224'),
('10202244084', 'RIFKI IRAWAN ', '20224'),
('10202244085', 'NOFI YULIANTI', '20224'),
('10202244086', 'TEGAR RAHARSENAYA HUTAMI', '20224'),
('10202244087', 'ANISA NUR PRATIWI', '20224'),
('10202244088', 'RESTY ANNISA ARROHMAH', '20224'),
('10202244089', 'AMALIA IZZATI NUR SHABRINA', '20224'),
('10202244090', 'WINDA PRESTI MAWARSIH', '20224'),
('10202244091', 'FAUZI FAJAR KURNIA', '20224'),
('10202244092', 'IMAS FEBRIYANSYAH', '20224'),
('10202247001', 'SUMARTHONO, A.MA.PD', '20224'),
('10202247002', 'H. SANUSI', '20224'),
('10202247003', 'TITIK MARWATI', '20224'),
('10202247004', 'DWI RAHAYU NINGGSIH', '20224'),
('10202247005', 'BAMBANG SUTIKNO, A.MA.PD', '20224'),
('10211141001', 'Budi Tri Santosa  ', '21114'),
('10211141002', 'Siska Adonia Bela Bangsa  ', '21114'),
('10211141003', 'Sistiono Pambudi  ', '21114'),
('10211141004', 'Rizka Sofyana  ', '21114'),
('10211141005', 'Arif Burhanudin  ', '21114'),
('10211141006', 'Hilyatus Sa Adah  ', '21114'),
('10211141007', 'Tsasa Yusac Ershanaz  ', '21114'),
('10211141008', 'Yogi Firmansyah', '21114'),
('10211141009', 'Fifin Sholicha Wati  ', '21114'),
('10211141010', 'Galant Nanta Adhitya  ', '21114'),
('10211141011', 'Juani Vinafari  ', '21114'),
('10211141012', 'Ahmad Munir  ', '21114'),
('10211141013', 'Ubaidillah Amir  ', '21114'),
('10211141014', 'Wahyu Panca Handayani  ', '21114'),
('10211141015', 'Sabar Artiyono  ', '21114'),
('10211141016', 'Asri Budiati  ', '21114'),
('10211141017', 'Uswatun Khasanah  ', '21114'),
('10211141018', 'Ninda Arum Rizky R  ', '21114'),
('10211141019', 'Tony Febryanto  ', '21114'),
('10211141020', 'Erys Shandra  ', '21114'),
('10211141021', 'Yunita Suryarini  ', '21114'),
('10211141022', 'Rima Kurniawuri  ', '21114'),
('10211141023', 'Diah Kurniasari  ', '21114'),
('10211141024', 'Aji Widiatmaja  ', '21114'),
('10211141025', 'Lupita Mayangsari P  ', '21114'),
('10211141026', 'Agung Larsonianto  ', '21114'),
('10211141027', 'Arif Triwidiatmoko  ', '21114'),
('10211141028', 'Helmi Rizki A.  ', '21114'),
('10211141029', 'Ferry Dwi Fitrianto  ', '21114'),
('10211141030', 'Husnan Lazuardhy', '21114'),
('10211141031', 'Mutia Fitriani  ', '21114'),
('10211141032', 'Citraningtiyas A  ', '21114'),
('10211141033', 'Rachmad Wijanarko  ', '21114'),
('10211141034', 'Agha Abraham  ', '21114'),
('10211141035', 'Nurul Istikomah  ', '21114'),
('10211141036', 'Adam Adiwijaya  ', '21114'),
('10211141037', 'Ana Shofia Amalia  ', '21114'),
('10211141038', 'Nadya Sivanya Rheisa  ', '21114'),
('10211141039', 'Rifadiyah Nur M  ', '21114'),
('10211141040', 'Fauzi Bijak Permadi', '21114'),
('10211141041', 'Septiani Khairunnisa  ', '21114'),
('10211141042', 'Editya Eka Novridian  ', '21114'),
('10211144001', 'Dewi Putri Prasetiawati  ', '21114'),
('10211144002', 'Nadindra Nirvana Irawan  ', '21114'),
('10211144003', 'Fitri Evrilia Timur  ', '21114'),
('10211144004', 'Permadi Tenrisau  ', '21114'),
('10211144005', 'Felix Camille', '21114'),
('10211144006', 'Damast Eska Sari  ', '21114'),
('10211144007', 'Rian Febriyanto  ', '21114'),
('10211144008', 'Yanda Pradana  ', '21114'),
('10211144009', 'Arif Rakhmat Prakoso  ', '21114'),
('10211144010', 'Hanif Kurnianto  ', '21114'),
('10211144011', 'Debby Yunita Saputri  ', '21114'),
('10211144012', 'Wulan Cipta Sari  ', '21114'),
('10211144013', 'Okka Shakattomawon  ', '21114'),
('10211144014', 'Achmad Septian Nugrahanto  ', '21114'),
('10211144015', 'Andhika Pangestu  ', '21114'),
('10211144016', 'Anisa Sekar Arum Wibawani  ', '21114'),
('10211144017', 'Anisa Septiana Ilmiasari  ', '21114'),
('10211144018', 'Ahmad Dzaky Hasan  ', '21114'),
('10211144019', '0', '21114'),
('10211144020', 'Nofiar Radityawan Triandy Putra  ', '21114'),
('10211144021', 'Muhammad Hanif  ', '21114'),
('10211144022', 'Winda Rosita Dewi  ', '21114'),
('10211144023', 'Ririn Susetyaningsih  ', '21114'),
('10211144024', 'Tria Nur Arista  ', '21114'),
('10211144025', 'Aristina Nursanti Swastiastu  ', '21114'),
('10211144026', 'Mochamad Rifki Fahrurrozi  ', '21114'),
('10211144027', 'Medy Agung Setiawan  ', '21114'),
('10211144028', 'Irma Krisna Murti  ', '21114'),
('10211144029', 'Fika Nur Anggita  ', '21114'),
('10211144030', 'Arga Ihsan Riyananda  ', '21114'),
('10211144031', 'Rizal Rustoni Maulana  ', '21114'),
('10211144032', 'Amalia Lestari  ', '21114'),
('10211144033', 'Catur Sapto Pamungkas  ', '21114'),
('10211144034', 'Herlambang Wisnu Kuncoro  ', '21114'),
('10211144035', 'Chera Kurnia Larasati  ', '21114'),
('10211144036', 'Wulandari  ', '21114'),
('10211144037', 'Qowy Ummah Supianoveri  ', '21114'),
('10211144038', 'Dita Pravitasari  ', '21114'),
('10211144039', 'Siti Nur Khasanah Fatmawati  ', '21114'),
('10211144040', 'Wisnu Ngudi Arto  ', '21114'),
('10211144041', 'Oky Aditya  ', '21114'),
('11202241001', 'APRILIA DEWI', '20224'),
('11202241002', 'INTAN ALFI', '20224'),
('11202241003', 'NABILLA KUS ARDIYANTI', '20224'),
('11202241004', 'MARLINA ANDRIANA', '20224'),
('11202241005', 'TITIN INDRIATI', '20224'),
('11202241006', 'SINTA PRASETIA TRIAS SARI', '20224'),
('11202241007', 'REZA HALIMAH', '20224'),
('11202241008', 'REZA PUSTIKA', '20224'),
('11202241009', 'EVA DUWY YANTI', '20224'),
('11202241010', 'GUMELAR PRAGETI', '20224'),
('11202241011', 'DWI YUNITASARI', '20224'),
('11202241012', 'WILIS AURUM NINGTYAS', '20224'),
('11202241013', 'NURFAZRI WULANDARI', '20224'),
('11202241014', 'DINDA DARA ISWARI', '20224'),
('11202241015', 'BONDAN HUSEN MUBAROK', '20224'),
('11202241016', 'META ASRI SARASWATI', '20224'),
('11202241017', 'REISA DIAH ASTUTI', '20224'),
('11202241018', 'ANIS FIHAYATI', '20224'),
('11202241019', 'EISMAYA WIJAYANTI', '20224'),
('11202241020', 'RINALDHI BUDI PRATAMA', '20224'),
('11202241021', 'APSARI MURBIYANI', '20224'),
('11202241022', 'ARIK DWI ROFIQOH', '20224'),
('11202241023', 'ROFINGAH JUNI ASTUTI', '20224'),
('11202241024', 'HANAN ADHWANI', '20224'),
('11202241025', 'MAZIDATUR ROHMAH', '20224'),
('11202241026', 'LAELA FEBRIATUN', '20224'),
('11202241027', 'SAPTA ABIMANYU', '20224'),
('11202241028', 'NINING', '20224'),
('11202241029', 'SARAH MAR ATUL A', '20224'),
('11202241030', 'PRIMA ARIF MAULANA', '20224'),
('11202241031', 'ANDYANI LARASATI', '20224'),
('11202241032', 'BUDI SETIAWAN', '20224'),
('11202241033', 'OLIA FIAMAY', '20224'),
('11202241034', 'ANNISA RUHAYATI', '20224'),
('11202241035', 'INTAN PUSPITA SARI', '20224'),
('11202241036', 'DINA DEKANESIA', '20224'),
('11202241037', 'ULFATUN NISA HIDAYAT', '20224'),
('11202241038', 'PUSPITA WIJAYANTI', '20224'),
('11202241039', 'WIWIK SRI LESTARI', '20224'),
('11202241040', 'DIAN KURNIA WIDI .A', '20224'),
('11202241041', 'KHAIRUNISA AULIA L', '20224'),
('11202241042', 'DANAR KHOIRUNNISA', '20224'),
('11202241043', 'ASTIKA NURWIDYAWATI', '20224'),
('11202241044', 'MASYHUDI LATHIF', '20224'),
('11202241045', 'KEN DITE ASMARANI', '20224'),
('11202241046', 'KARISA INDRASWARI', '20224'),
('11202241047', 'ANINDYKA SEKAR T', '20224'),
('11202241048', 'CHOERUNNISA RUMARIA', '20224'),
('11202241049', 'REKYAN WARA HITA', '20224'),
('11202241050', 'NINDYA APRILIA', '20224'),
('11202241051', 'ERIKA ARTHA DINI', '20224'),
('11202241052', 'IMRON HIDAYAT', '20224'),
('11202241053', 'ANINDITA NUR INDRA', '20224'),
('11202241054', 'ISMI INDARTI', '20224'),
('11202241055', 'RACHMAT NUR HISYAM', '20224'),
('11202241056', 'ZUHRIYATUL BAITI', '20224'),
('11202241057', 'YULIA ROHMAWATI', '20224'),
('11202241058', 'ERNA DWI JAYANTI', '20224'),
('11202241059', 'MUHAMAD HILMI A', '20224'),
('11202241060', 'CHRISTY DEWI P.', '20224'),
('11202241061', 'GHAZIE ARSALAN S', '20224'),
('11202241062', 'MUH WILDANI', '20224'),
('11202241063', 'M BAHARUDIN J', '20224'),
('11202241064', 'ADAM ANJAR SHENA', '20224'),
('11202241065', 'RATIH TRI WIJAYANTI', '20224'),
('11202241066', 'SRI DARMAYANTI', '20224'),
('11202241067', 'FIDELIS HERDIAN A.P.', '20224'),
('11202241068', 'AKHMAD BAKIR S H A K', '20224'),
('11202241069', 'RATNA YUNITA', '20224'),
('11202241070', 'SARI HARDIANI', '20224'),
('11202241071', 'AHMAD TAUFIK', '20224'),
('11202241072', 'DYAH AYU WINARTI PUT', '20224'),
('11202241073', 'MERITA TIARISANI', '20224'),
('11202241074', 'ELLYTA ARDIANISA', '20224'),
('11202241075', 'DATIK YUNITASARI', '20224'),
('11202241076', 'ANIN KARIN', '20224'),
('11202244001', 'UMI SHOLIHAH', '20224'),
('11202244002', 'RIZKI EKA WIDYANA HANAFI', '20224'),
('11202244003', 'FAJAR TRI YULIANTO', '20224'),
('11202244004', 'IKE RATNAWATI', '20224'),
('11202244005', 'FAJRUL FITRIANTO', '20224'),
('11202244006', 'NURDIANA DEWI', '20224'),
('11202244007', 'NURUL MARLISA', '20224'),
('11202244008', 'RETNO PALUPI DYAH AMBARSIWI', '20224'),
('11202244009', 'RAYI ROCHIM ASMARA', '20224'),
('11202244010', 'LEO FERNANDO PUTRA', '20224'),
('11202244011', 'FEBRIAN CHESARARUM P', '20224'),
('11202244012', 'AMIRA KUSSUMANINGTYAS', '20224'),
('11202244013', 'RINA FATUROHMAN', '20224'),
('11202244014', 'SABIQUN NAHAR', '20224'),
('11202244015', 'FAHMI ALFIAN', '20224'),
('11202244016', 'ADITYARAHMAN SUGANDHI', '20224'),
('11202244017', 'NOVI IKA SETYANI', '20224'),
('11202244018', 'DHANIAR SETIANA', '20224'),
('11202244019', 'LATIFAH HANIF', '20224'),
('11202244020', 'LUTFIA HANIM', '20224'),
('11202244021', 'WINDIATMI', '20224'),
('11202244022', 'NIRIN AFIFAH', '20224'),
('11202244023', 'SINGGIH INDRATAMA', '20224'),
('11202244024', 'ARI PUTRI HARYANTI', '20224'),
('11202244025', 'TIAS MAFAZATU M.', '20224'),
('11202244026', 'SAFITRI NOOR FATONAH', '20224'),
('11202244027', 'DEVI RATNASARI', '20224'),
('11202244028', 'RICHA AWANDA SHARA', '20224'),
('11202244029', 'SIWI WAHYUNDARI', '20224'),
('11202244030', 'ERLINDA DEWANTI', '20224'),
('11202244031', 'WURY ANGGUN KUSUMAWATI', '20224'),
('11202244032', 'MOHAMAD TAUFIK HIDAYAT', '20224'),
('11202244033', 'TOMYZUL HABIB S', '20224'),
('11202244034', 'EKA JULIYANTI', '20224'),
('11202244035', 'CICILIA ANI DERINENTA', '20224'),
('11202244036', 'IRFANI ROSITA DEWI', '20224'),
('11202244037', 'RATNA RISMAYANTI', '20224'),
('11202244038', 'ROCHANA FITRI ALYANI', '20224'),
('11202244039', 'LIONITA INKA TASTAMA', '20224'),
('11202244040', 'RISKI WAHYU PURNOMO', '20224'),
('11202244041', 'LITA AVIYANTI', '20224'),
('11202244042', 'NANA MEILIDA ASTARI', '20224'),
('11202244043', 'BONDAN DWI PRASETYO', '20224'),
('11202244044', 'RITA AGATA ALMI', '20224'),
('11202244045', 'DWI APRILIA KUMALA DEWI', '20224'),
('11202244046', 'FIRMAN INDRA ANDIKA', '20224'),
('11211141001', 'Aan Mulyana  ', '21114'),
('11211141002', 'Andi Aroro Rossy  ', '21114'),
('11211141003', 'Wahyu Kurniasari  ', '21114'),
('11211141004', 'Fajar Subekti Zulkarnain  ', '21114'),
('11211141005', 'Dion Kristiawan  ', '21114'),
('11211141006', 'Farida Nailul Husna  ', '21114'),
('11211141007', 'Hairil Akbar Arifin  ', '21114'),
('11211141008', 'Lusi Setyawati  ', '21114'),
('11211141009', 'Efa Nuryani  ', '21114'),
('11211141010', 'Wahid Pangestu Wijaya  ', '21114'),
('11211141011', 'Fahma Chimayasari  ', '21114'),
('11211141012', 'Endah Ratnasari  ', '21114'),
('11211141013', 'Ika Wahyu Maylani  ', '21114'),
('11211141014', 'Rodiyah  ', '21114'),
('11211141015', 'Ananda Kartiko Wahyu Prastowo ', '21114'),
('11211141016', 'Ade Garinta R  ', '21114'),
('11211141017', 'Buyung Yudhanto  ', '21114'),
('11211141018', 'Dwi Sri Wahyu A  ', '21114'),
('11211141019', 'Happy Pramukti  ', '21114'),
('11211141020', 'Putri Elisarizqia A  ', '21114'),
('11211141021', 'Juzi Ammalilia  ', '21114'),
('11211141022', 'Karina Astary  ', '21114'),
('11211141023', 'Taufiq Eka Gala Yudha  ', '21114'),
('11211141024', 'Aditya Agung W  ', '21114'),
('11211141025', 'Brigitta Arsilia W  ', '21114'),
('11211141026', 'Sinta Yuliani A.  ', '21114'),
('11211141027', 'Puguh Hariyanto  ', '21114'),
('11211141028', 'Yuanita Intan S', '21114'),
('11211141029', 'Oktafiani Prima Sari  ', '21114'),
('11211141030', 'Linggar Yulfira  ', '21114'),
('11211141031', 'Aprilia Nurina Putri  ', '21114'),
('11211141032', 'Wibulan Ekaning R  ', '21114'),
('11211141033', 'Oliyvia Devi Astiti  ', '21114'),
('11211141034', 'Agustina Ekwin P  ', '21114'),
('11211141035', 'Nabella Primadianti  ', '21114'),
('11211141036', 'Nita Herawati  ', '21114'),
('11211141037', 'Wildan Bilal A.  ', '21114'),
('11211141038', 'Syam Fadil Muhammad  ', '21114'),
('11211141039', 'Yeni Istari  ', '21114'),
('11211141040', 'Desti Marlina  ', '21114'),
('11211141041', 'Wisnu Prabowo  ', '21114'),
('11211141042', 'Rama Kharisma Destia  ', '21114'),
('11211141043', 'Raysul Al Fadli A.W', '21114'),
('11211141044', 'Raden Roro Kuweira N  ', '21114'),
('11211141045', 'Sholihah Naili S  ', '21114'),
('11211141046', 'Mandela Citra Putu S  ', '21114'),
('11211141047', 'Annisa Fatimah P', '21114'),
('11211144001', 'Almira Ghassani S. R.  ', '21114'),
('11211144002', 'Mohammad Noor Pamungkas  ', '21114'),
('11211144003', 'Lut Husaini Widi Hidayati  ', '21114'),
('11211144004', 'Ananda Chastalia Asri  ', '21114'),
('11211144005', 'Aniendya Prasetyaningtyas  ', '21114'),
('11211144006', 'Ardian Bangun Putranto  ', '21114'),
('11211144007', 'Joan Lucky Bornaugusta  ', '21114'),
('11211144008', 'Rizky Yulia Nursanti  ', '21114'),
('11211144009', 'Halim Widyawardhana  ', '21114'),
('11211144010', 'Zidnie Ilma  ', '21114'),
('11211144011', 'Fathan Imanudin  ', '21114'),
('11211144012', 'Agnes Delvis Ayunda  ', '21114'),
('11211144013', 'Rachmad Agus Palupi  ', '21114'),
('11211144014', 'Sapto Aji Priyambodo  ', '21114'),
('11211144015', 'Ika Wahyuniati  ', '21114'),
('11211144016', 'Abdy Bani Yanuar  ', '21114'),
('11211144017', 'Rahmatul Istiqomah', '21114'),
('11211144018', 'Rizki Arif Wibowo  ', '21114'),
('11211144019', 'Mukhlas Nuri  ', '21114'),
('11211144020', 'Difara Uswatun Khasanah  ', '21114'),
('11211144021', 'Awalia Sabiyla Nayu  ', '21114'),
('11211144022', 'Janjang Kastori  ', '21114'),
('11211144023', 'Egie Danarko  ', '21114'),
('11211144024', 'Ika Alya Iqlima G  ', '21114'),
('11211144025', 'Arfianing Ratri  ', '21114'),
('11211144026', 'Gilang Wening Pertiwi  ', '21114'),
('11211144027', 'Dwiansari Ramadhani  ', '21114'),
('11211144028', 'Rizky Prasetya  ', '21114'),
('11211144029', 'Yulia Rakhmawati  ', '21114'),
('11211144030', 'Adlina Larasati  ', '21114'),
('11211144031', 'Bondan Manikotomo  ', '21114'),
('11211144032', 'Abdulloh Z.K.  ', '21114'),
('11211144033', 'Aditya Mahendra  ', '21114'),
('11211144034', 'Riusly Pratomo  ', '21114'),
('11211144035', 'Haura Sekar Mayang  ', '21114'),
('11211144036', 'Muhammad Nafis F  ', '21114'),
('11211144037', 'Apriliyadi', '21114'),
('11211149001', 'Umarjon Muminov', '21114'),
('11211149002', 'Karimsoda Fazliddni', '21114'),
('11211149003', 'Delvin Merauje', '21114'),
('11211149004', 'Vagi Sarwom', '21114'),
('12202241001', 'KARTIKA DEWI PURNAMA', '20224'),
('12202241002', 'ATIK DHAMAYANTI', '20224'),
('12202241003', 'ALNI WIDAYANTI', '20224'),
('12202241004', 'GESNIA ARDIYANI', '20224'),
('12202241005', 'EVITA CHOIRONI', '20224'),
('12202241006', 'AGNES HENI RAHMAWATI', '20224'),
('12202241007', 'ZENINDA ANGGI PRAWITASARI', '20224'),
('12202241008', 'TRISNA RAHMAH', '20224'),
('12202241009', 'ESTRIANA YULI PUSPITASARI', '20224'),
('12202241010', 'NUR RACHMAN HAKIM', '20224'),
('12202241011', 'AMALIYA', '20224'),
('12202241012', 'AZMI PRATIWI', '20224'),
('12202241013', 'UMU AINIA', '20224'),
('12202241014', 'ELIA SOVINA MARDANI', '20224'),
('12202241015', 'ARFI DWI NURFATIMAH', '20224'),
('12202241016', 'MEILANI', '20224'),
('12202241017', 'LAELY RAHMAWATI', '20224'),
('12202241018', 'GRESTHI PRAMADYA DEWI', '20224'),
('12202241019', 'ARI WIDIANINGRUM', '20224'),
('12202241020', 'M SUDIRMAN', '20224'),
('12202241021', 'AVI NOVITA', '20224'),
('12202241022', 'SANTI ANDRIYANA', '20224'),
('12202241023', 'RIZQI SYAMSYIATUN', '20224'),
('12202241024', 'MUHAMAD ARDIA RAFIQ AL QHOZALI', '20224'),
('12202241025', 'IKA YULIANI', '20224'),
('12202241026', 'INDAH PERMATASARI', '20224'),
('12202241027', 'NURAENI', '20224'),
('12202241028', 'RITA PUSPITASARI', '20224'),
('12202241029', 'DWI NUR KHAYATI', '20224'),
('12202241030', 'FITRIANA MUNAWAROH', '20224'),
('12202241031', 'YANUAR WAHYU SARI BUDIASIH', '20224'),
('12202241032', 'RIFQI KUSUMA P A', '20224'),
('12202241033', 'AMALIA RAHMAWATI', '20224'),
('12202241034', 'PUJI HAPSARI N', '20224'),
('12202241035', 'AKHLIS MAULA M', '20224'),
('12202241036', 'BETHSAIDA CHANDRA D', '20224'),
('12202241037', 'DIAN PERWITA DEWI', '20224'),
('12202241038', 'LESTIANA NINDYA P', '20224'),
('12202241039', 'BAYU SETYOKO', '20224'),
('12202241040', 'ERMA LAILYFIAH', '20224'),
('12202241041', 'SILVIA DAYU A', '20224'),
('12202241042', 'HANIF ABDULLAH', '20224'),
('12202241043', 'YULIAN CHANDRA K', '20224'),
('12202241044', 'ARUM SYURADHANTY', '20224'),
('12202241045', 'RIZKI AGUNG PRATAMA', '20224'),
('12202241046', 'REZY EKA PUSPITASARI', '20224'),
('12202241047', 'SITI ROCHANI', '20224'),
('12202241048', 'ESTER RIA MEI UTAMI', '20224'),
('12202241049', 'BAMBANG ERI ASWORO', '20224'),
('12202241050', 'RIZKI RATNAWATI H P', '20224'),
('12202241051', 'GANANG YUDHA P', '20224'),
('12202241052', 'HERINA NIRMALA', '20224'),
('12202241053', 'SARAS BAYU JATMIKO', '20224'),
('12202241054', 'TSANI NAJATI', '20224'),
('12202241055', 'ERI KUSWANTI', '20224'),
('12202241056', 'SITI NASIBAH', '20224'),
('12202241057', 'NISA AMALIA HASANAH', '20224'),
('12202241058', 'ERNITA RAHARJA', '20224'),
('12202241059', 'UMI ISMIYATI', '20224'),
('12202241060', 'SARI WAHYUNING TYAS', '20224'),
('12202241061', 'RIDHA ROHMAH SARI', '20224'),
('12202241062', 'ADIF SETIYOKO', '20224'),
('12202241063', 'SURI NURKHOLIFAH', '20224'),
('12202241064', 'INTAN PERMATA SARI', '20224'),
('12202241065', 'RIZKY ARIADI', '20224'),
('12202241066', 'AISAH PURUHITA', '20224'),
('12202241067', 'IKA YULI ARWINANTI', '20224'),
('12202241068', 'RIZKA NUR AFIFAH', '20224'),
('12202241069', 'YENI SUSANTI', '20224'),
('12202241070', 'ANNAS NUR FADHILA', '20224'),
('12202241071', 'WINDRIA PRATIWI', '20224'),
('12202241072', 'HARIO GUNUNG C G', '20224'),
('12202241073', 'MUTIARA LAILLIA CN', '20224'),
('12202241074', 'FARADINA KUSUMA DEWI', '20224'),
('12202241075', 'SITI AISYAH', '20224'),
('12202241076', 'CHANDRA SATRIO', '20224'),
('12202241077', 'SEKAR MUSTIKA WIDHI', '20224'),
('12202241078', 'NAFISAH ULFAH F N R', '20224'),
('12202241079', 'ALGA PARAMA JITA', '20224'),
('12202244001', 'LUTFI EFENDI', '20224'),
('12202244002', 'BASIR AHMAD RIDWAN', '20224'),
('12202244003', 'DEWI ROFITA', '20224'),
('12202244004', 'HARTINI', '20224'),
('12202244005', 'GEMINTANG KIRANA VITA', '20224'),
('12202244006', 'QORY RIFPRIYANDI', '20224'),
('12202244007', 'WIDIA TITA', '20224'),
('12202244008', 'JEAN FISTIKA TEOLANUARY', '20224'),
('12202244009', 'FIRZHA YUNI ANANDA PUTRI', '20224'),
('12202244010', 'RIZKA YUNI HAPSARI', '20224'),
('12202244011', 'SULASTRI', '20224'),
('12202244012', 'ARUM STYARINI', '20224'),
('12202244013', 'RAHMA MATSNA AULIA', '20224'),
('12202244014', 'DIAH META AROFAH', '20224'),
('12202244015', 'ARIF BAGUS YULIANTO', '20224'),
('12202244016', 'FEBHA HAGENG RETYANTRA ', '20224'),
('12202244017', 'RIMA RIZKA UTAMI', '20224'),
('12202244018', 'RADEN RAMA WIDYA KARTIKA YUDHA', '20224'),
('12202244019', 'FAISAL FAHMI', '20224'),
('12202244020', 'ANAS PUTRA PAMUNGKAS', '20224'),
('12202244021', 'FADLY FERBIANTO WICAKSONO', '20224'),
('12202244022', 'EKA RAKHMAWATI', '20224'),
('12202244023', 'IMAM BASORI JANIANTO', '20224'),
('12202244024', 'DINA RATNASARI', '20224'),
('12202244025', 'RONA ERLINA WATI', '20224'),
('12202244026', 'INDRIANI HAZAROH', '20224'),
('12202244027', 'ARTINE AYU UTAMI', '20224'),
('12202244028', 'BRIGITA DIAS SEKAR PRANANTI', '20224'),
('12202244029', 'LIA NURANI SETIAWATI', '20224'),
('12202244030', 'MITA WULANDARI', '20224'),
('12202244031', 'NURDIANA KUSUMAWICITRA', '20224'),
('12202244032', 'ANNISA SATRIANI DEWI', '20224'),
('12202244033', 'ADITYA AGUNG PRABOWO', '20224'),
('12202244034', 'ELSA FERDHIANA DAMAYANTI', '20224'),
('12202244035', 'GUSTI ADHITYA SWASTIKA PERDANA', '20224'),
('12202244036', 'FAIRUZ NADIA', '20224'),
('12202244037', 'ENDAH RAHMAWATI', '20224'),
('12202244038', 'RETNO ANDAMARI', '20224'),
('12202244039', 'KANTHY ZUKHRIFAH', '20224'),
('12202244040', 'WAHYU GALIH WICAKSONO', '20224'),
('12202244041', 'MARSIYAM WIJIASTUTI', '20224'),
('12202249001', 'HANDOKO', '20224'),
('12202249002', 'RIJOLLY GERRY SAKEREBAU', '20224'),
('12202249003', 'NOVITA EKA PUTRI', '20224'),
('12202249004', 'NALAN ARAS', '20224'),
('12211141001', 'Anis Yoganita Herawati', '21114'),
('12211141002', 'Nur Afifah', '21114'),
('12211141003', 'Ulik Chodratillah', '21114'),
('12211141004', 'Meliana Mustofa', '21114'),
('12211141005', 'Lisa Widayanti', '21114'),
('12211141006', 'Miftahul Novianna Putri', '21114'),
('12211141007', 'Firman Kurniawan', '21114'),
('12211141008', 'Ririf Listyaning', '21114'),
('12211141009', 'Gintari Chintia Bela', '21114'),
('12211141010', 'Ester Susetya Ningsih', '21114'),
('12211141011', 'Isna Nur Imama', '21114'),
('12211141012', 'Filla Lavenia Palupy', '21114'),
('12211141013', 'Tifany Mutiari', '21114'),
('12211141014', 'Kiki Permata Asri', '21114'),
('12211141015', 'Febi Wahyuning Utami', '21114'),
('12211141016', 'Dewi Nurjanah', '21114'),
('12211141017', 'Khalida Sulistyaningrum', '21114'),
('12211141018', 'Almas Rifqi Darmawan', '21114'),
('12211141019', 'Nitami Atika Sari', '21114'),
('12211141020', 'Desi Ari Ningtyas', '21114'),
('12211141021', 'Krisna Bayu Aji', '21114'),
('12211141022', 'Dian Atari', '21114'),
('12211141023', 'Shani Ramadhan R', '21114'),
('12211141024', 'Nia Juliarti', '21114'),
('12211141025', 'Adelita Anindya', '21114'),
('12211141026', 'Ridhofarianti', '21114'),
('12211141027', 'Fulan Nisyaroh', '21114'),
('12211141028', 'Maissarah Aryana R', '21114'),
('12211141029', 'Ellis Rizqiyah', '21114'),
('12211141030', 'Assari Wulan Safitri', '21114'),
('12211141031', 'Tiara Dewi Panduwati', '21114'),
('12211141032', 'Rendra Novian R J', '21114'),
('12211141033', 'Eri Purwanti', '21114'),
('12211141034', 'Andhi Farij Abdillah', '21114'),
('12211141035', 'Arif Nur Hidayat', '21114'),
('12211141036', 'Amalia Nindy Astuti', '21114'),
('12211141037', 'Astrinda N. Iswalono', '21114'),
('12211141038', 'M Khatibul Umam', '21114'),
('12211141039', 'Taufiq Hani', '21114'),
('12211141040', 'Lutfiyaningsih N', '21114'),
('12211141041', 'Nova Permata S', '21114'),
('12211141042', 'Sushanti Ningsi Itta', '21114'),
('12211141043', 'Selvia Fitriani', '21114'),
('12211141044', 'Dara Kusuma Syahid', '21114'),
('12211141045', 'Anjar Reza Pangudi', '21114'),
('12211141046', 'Fitria Nur Aini', '21114'),
('12211141047', 'Etik Ardiyani', '21114'),
('12211141048', 'Leonardo T A F', '21114'),
('12211144001', 'Ilham Permana', '21114'),
('12211144002', 'Jehna Mayafani', '21114'),
('12211144003', 'Yoga Bontara Putra', '21114'),
('12211144004', 'Cahyo Bayu Bimantoro', '21114'),
('12211144005', 'Karina Claudya Wulandari', '21114'),
('12211144006', 'Dyotra Nurul Baiti', '21114'),
('12211144007', 'Eri Rahma Arumi', '21114'),
('12211144008', 'Randu Tulus Subekti', '21114'),
('12211144009', 'Muhammad Riffan Alghiffari', '21114'),
('12211144010', 'Ratna Duwi Haryanti', '21114'),
('12211144011', 'Ghinna Kurniafi Susilo', '21114'),
('12211144012', 'Khanandya Nila Ulfah', '21114'),
('12211144013', 'Ratna Dewi Haqsari', '21114'),
('12211144014', 'Ahimsha Eka Anggardika', '21114'),
('12211144015', 'Linda Nuraini', '21114'),
('12211144016', 'Mudrikhah Swadhani', '21114'),
('12211144017', 'Nisrina Aditya Putri', '21114'),
('12211144018', 'Rasmadestiani Drajat Syahfitri', '21114'),
('12211144019', 'Izdihar Az-Zahra H', '21114'),
('12211144020', 'Della Ratu I Caesara', '21114'),
('12211144021', 'Slamet Triyanto', '21114'),
('12211144022', 'Muhanaz Hadi Mustofa', '21114'),
('12211144023', 'Citra Sukmawati', '21114'),
('12211144024', 'Dea Roviana S', '21114'),
('12211144025', 'Satrio Anagha', '21114'),
('12211144026', 'Ajeng Jovanditya Chaula Budiharta', '21114'),
('12211144027', 'Maulida Fitriyanti', '21114'),
('12211144028', 'Anggun Ardhiani', '21114'),
('12211144029', 'Nadia Retno Safitri', '21114'),
('12211144030', 'Ahmad Zaky Mubarok', '21114'),
('12211144031', 'Firmansyah Cendekia Utomo', '21114'),
('12211144032', 'Candra Irawan', '21114'),
('12211144033', 'Bernadia Errisa Maharani', '21114'),
('12211144034', 'Tarry Andini', '21114'),
('12211144035', 'Yashinta An', '21114'),
('12211144036', 'Reza Adhitya Gutama', '21114'),
('12211144037', 'Alfrinia Prabaningrum', '21114'),
('12211144038', 'Mega Nurcahyani', '21114'),
('12211144039', 'Rusdi Fauzi', '21114'),
('12211144040', 'Yulpriawan Galih Pambudi', '21114'),
('12211144041', 'Yosep Saputra', '21114'),
('12211144042', 'Thio Rivanda Ramadhan', '21114'),
('12211149001', 'Sulaymonzhon Gulakov Akbarovich', '21114'),
('13202241001', 'AMALIA USWATUN KHASANAH ', '20224'),
('13202241002', 'WISNU MURTI CATUR SASONGKO ', '20224'),
('13202241003', 'ANGGUN DIAN UTAMI ', '20224'),
('13202241004', 'ATIKA FAUZIYYAH ', '20224'),
('13202241005', 'ARPHADYA SHANDY MAHARDHIKA ', '20224'),
('13202241006', 'YOGO PRASETYO ', '20224'),
('13202241007', 'INDAH DWI NUGRAHANI ', '20224'),
('13202241008', 'AJI BUDI RINEKSO ', '20224'),
('13202241009', 'NAFI`ATUL HUSNA ', '20224'),
('13202241010', 'ANING PURITA SARI ', '20224'),
('13202241011', 'RINA FEBRIYANTI ', '20224'),
('13202241012', 'AVICENIA ADISHA ', '20224'),
('13202241013', 'PUTERI SEKAR WIJAYA ', '20224'),
('13202241014', 'ADIESTRI YOGA SAPUTRA ', '20224'),
('13202241015', 'VEGA INRIA RESMI ', '20224'),
('13202241016', 'RIANA DWI NURLITASARI ', '20224'),
('13202241017', 'PUPUT LUPITA SARI ', '20224'),
('13202241018', 'ANNISA RIZKI PURWANI ', '20224'),
('13202241019', 'KINTAN HEKSA KUMALA ', '20224'),
('13202241020', 'SINTA IRMAYANTI ', '20224'),
('13202241021', 'RINANTI ADWILIA MEILIANA PUTRI ', '20224'),
('13202241023', 'MUVIDA AULIA RAHMAN ', '20224'),
('13202241024', 'NANDIAN PRAMUDINTA ', '20224'),
('13202241025', 'NUR WAHYUNI ', '20224'),
('13202241026', 'IRFAN ZIDNY ', '20224'),
('13202241027', 'AHMAD NUR AWALUDIN JALIL ', '20224'),
('13202241028', 'PUTRIANA RIZEKI ', '20224'),
('13202241029', 'AHMADA KHOIRULIL FATIH ', '20224'),
('13202241030', 'DOROJATUN CAKRA WIJAYA ', '20224'),
('13202241031', 'DIAN PALUPI ', '20224'),
('13202241032', 'YENI DAMAYANTI ', '20224'),
('13202241033', 'DIAN NUGRAHENI ', '20224'),
('13202241034', 'NOVI RATNASARI ', '20224'),
('13202241035', 'OCTAVIA RIZKY PANGESTIKA ', '20224'),
('13202241036', 'KENANDA ARYANTI RISTYASMARA ', '20224'),
('13202241037', 'RANI JANIARTI ', '20224'),
('13202241038', 'FARADIENNA RAUSHAN FIKRI ', '20224'),
('13202241039', 'LIZZANI KURNIA PRATIWI ', '20224'),
('13202241040', 'LILIS ESTI ARIYANI ', '20224'),
('13202241041', 'WILDAN FAZA ', '20224'),
('13202241042', 'LINDA LIESTIANI ', '20224'),
('13202241043', 'SARAH SEKAR LANGIT ', '20224'),
('13202241044', 'VICKIE AMANDA WARDHANY ', '20224'),
('13202241045', 'NEILA ZAHRA FAIZAH ', '20224'),
('13202241046', 'AMBAR FIDIANINGSIH ', '20224'),
('13202241047', 'YANNA GAYUH RHISMAWAN ', '20224'),
('13202241048', 'BARON SANGGHA WASKITO AJI ', '20224'),
('13202241049', 'ZULFATIN RAHMAHANI ', '20224'),
('13202241050', 'SUCI CENITA DEWI ', '20224'),
('13202241051', 'SABRINA SAMYA PRALAMPITA ', '20224'),
('13202241052', 'FARIS FAISHAL AMMAR ', '20224'),
('13202241053', 'RIDA MARETIANI ', '20224'),
('13202241054', 'NAWANGSARI ARI MURTI ', '20224'),
('13202241055', 'RULIANA FA`IZUN AHDA ', '20224'),
('13202241056', 'NURUL ISTIQOMAH ', '20224'),
('13202241057', 'GILANG AULIA WAHDANI ', '20224'),
('13202241058', 'KRISNA AJI NUGRAHA ', '20224'),
('13202241059', 'NIKEN LARASATI ', '20224'),
('13202241060', 'FARID PRIMANDHA PUTRA ', '20224'),
('13202241061', 'MUTIA KARTIKA KINANTI ', '20224'),
('13202241062', 'ADE SETIAWAN ', '20224'),
('13202241063', 'ANIS NUR FATIMAH ', '20224'),
('13202241064', 'NUNIK INDRIANI ', '20224'),
('13202241065', 'AJENG CARMELITA P ', '20224'),
('13202241066', 'ISTI NUR HASANAH ', '20224'),
('13202241067', 'LUTHFIARANI AURUNISA ', '20224'),
('13202241068', 'KEVIN DEO CLAUDIA ', '20224'),
('13202241069', 'ASTI NUR LATHIFAH ', '20224'),
('13202241070', 'TYAS AGUNG PAMUNGKAS ', '20224'),
('13202241071', 'AJI DWIANTO ', '20224'),
('13202241073', 'WARDANIA DEWI F C ', '20224'),
('13202241074', 'ULFAH AZIZI PUTRI ', '20224'),
('13202241076', 'ANDI YOSEE RIVAI ', '20224'),
('13202241077', 'MUHAMMAD BERLIAN ', '20224'),
('13202241078', 'AULIA WENING P ', '20224'),
('13202241079', 'KHARISMA SETYAWAN ', '20224'),
('13202241080', 'DIANINGTYAS M ', '20224'),
('13202241081', 'HANNA IMANUELA TOAR ', '20224'),
('13202241082', 'IMAM DARMAWAN ', '20224'),
('13202241083', 'ZULFA FAUZIYAH ', '20224'),
('13202241084', 'CHUSNUL LIYNA P ', '20224'),
('13202241085', 'BILQIS QUEENTA NURI ', '20224'),
('13202241086', 'PUTRI AULIA MALIK ', '20224'),
('13202244001', 'KARIN DESIANA ', '20224'),
('13202244002', 'M DWI DHANIEL BAGUS S ', '20224'),
('13202244003', 'AINI NUR RAHMAH ', '20224'),
('13202244004', 'JUWITA IMANINGTYAS ', '20224'),
('13202244005', 'AMALIA MIFTACHULJANNAH ', '20224'),
('13202244006', 'NUNGKY RACHMAWATI ', '20224'),
('13202244007', 'CHANDRA SETYASAPUTRI ', '20224'),
('13202244008', 'ILVI HUSNA ', '20224'),
('13202244009', 'EVRIYANTI HIDAYAH ', '20224'),
('13202244010', 'UMUL JANATIN ', '20224'),
('13202244011', 'NITIS ASMARA BACHRUN ', '20224'),
('13202244012', 'RIRIEN RIZKI PUTRI ', '20224'),
('13202244013', 'C SINAR WAHYUDYA BUDI ', '20224'),
('13202244014', 'RENITTA LISTIA EFFENDY ', '20224'),
('13202244015', 'SOFIA DAHLIANI MUSTIKA ', '20224'),
('13202244016', 'HESTRI WURIYANI ', '20224'),
('13202244017', 'WULANSARI ', '20224'),
('13202244018', 'UTARI ', '20224'),
('13202244019', 'RADITYA ARGA PUTRA ', '20224'),
('13202244020', 'YONIS IMAN SARI ', '20224'),
('13202244021', 'ARDITYA WISNU HAMBARA ', '20224'),
('13202244022', 'DHIMAS SURYA H.H.W ', '20224'),
('13202244023', 'MEGA AYU WULANDARI ', '20224'),
('13202244024', 'AJI JUAN PRIYAMBADA ', '20224'),
('13202244025', 'NANDA RIZKY FITRI A ', '20224'),
('13202244026', 'BUDI AYU NOVIASARI ', '20224'),
('13202244027', 'RIZKA ALINA RAHMAWATI ', '20224'),
('13202244028', 'YUSEVA AYU N D A ', '20224'),
('13202244029', 'ANDRO PRASETIO ', '20224'),
('13202244030', 'FITRI NURJANAH ', '20224'),
('13202244031', 'RENNY DWI NURJANNAH ', '20224'),
('13202244032', 'YULIANA KENDAR EKORIYANTI ', '20224'),
('13202244033', 'SALVI HIDAYAH ', '20224'),
('13202244034', 'AMALIYAH BAJRI ', '20224'),
('13202249001', 'MARGARETHA A M MAYOR ', '20224'),
('13202249002', 'VERONIKA PIGOME ', '20224'),
('13211141001', 'TRI INTAN MABRUROH ', '21114'),
('13211141002', 'TRIA DEWI KARTIKA ', '21114'),
('13211141003', 'ANNISA FARAH ARDILA ', '21114'),
('13211141004', 'RISKA NURDIANA ', '21114'),
('13211141005', 'INDAH NURINA UTAMI ', '21114'),
('13211141006', 'ANTOINETTA VINSENSA AUDRIA ', '21114'),
('13211141007', 'REAN SIANANDA ', '21114'),
('13211141008', 'ANNISA MAYSAROH ', '21114'),
('13211141009', 'ZAMAH SYARIEF RAMADHAN ', '21114'),
('13211141010', 'NUR ASTUTI SA`DIYAH ', '21114'),
('13211141011', 'SISKA WIDYAWATI ', '21114'),
('13211141012', 'WIDYALANI PUTRIANTI ', '21114'),
('13211141013', 'DIDI YULIYONO ', '21114'),
('13211141014', 'UMI FATHURROMAH ', '21114'),
('13211141015', 'ALI BANGKIT HARIONO ', '21114'),
('13211141016', 'DIAH PUTRI UTAMI ', '21114'),
('13211141017', 'DEVITA KURNIAWATI ', '21114'),
('13211141018', 'KIKI KUSUMAWATI ', '21114'),
('13211141019', 'DIMAS ANDIKA ARIOWIBOWO ', '21114'),
('13211141020', 'KLARENTINA GALUH KUMALASARI ', '21114'),
('13211141021', 'ACHMAD ABDUL MALIK ', '21114'),
('13211141022', 'DESTIANA RAHMAWATI ', '21114'),
('13211141023', 'RENI WIJI ASTUTI ', '21114'),
('13211141024', 'YUNINTAN NUR CHOLIFAH ', '21114'),
('13211141025', 'RANI DWI ASTUTI ', '21114'),
('13211141026', 'NUR WULANDARI ', '21114'),
('13211141027', 'DEVI ANISA JEKTI ', '21114'),
('13211141028', 'TUTIK ATUN ', '21114'),
('13211141029', 'ARIF ROHMAN ', '21114'),
('13211141030', 'LELA RAHAYU SEPTIA NENGSIH ', '21114'),
('13211141031', 'SATYA WAHYU RAMADHANI ', '21114'),
('13211141032', 'ARJUTYA RISANG SASONGKO ', '21114'),
('13211141033', 'OKTARIA DENOK JATMIKO ', '21114'),
('13211141034', 'WIDIYAH ', '21114'),
('13211141035', 'HASNA NOVIANA ', '21114'),
('13211141036', 'MOHAMMAD CAHYO PRAYOGA ', '21114'),
('13211141037', 'RAHDIKA DEWI KERTI ', '21114'),
('13211141038', 'SITI MASYITA HARDIANTI ', '21114'),
('13211141039', 'ANDRAINA ANNAS ', '21114'),
('13211141040', 'ELSHA WULAN APRILINA ', '21114'),
('13211141041', 'RURY HERAWATI ', '21114'),
('13211141042', 'SUCI ANGGITA ', '21114'),
('13211141043', 'CAROLINA MARISA DWIHAPSARI ', '21114'),
('13211141044', 'DESY ISMOYOJATI ', '21114'),
('13211141045', 'RUHIL IMAROH AL YUMNA ', '21114'),
('13211141046', 'CINDY PUSPITA ', '21114'),
('13211141047', 'BAIHAQI ADI UTAMA ', '21114'),
('13211141048', 'M REZA HENDRAJAYA ', '21114'),
('13211141049', 'RISQI TRI PALUPI W ', '21114'),
('13211141050', 'LORIA PUTRI SARI ', '21114'),
('13211141051', 'DECKY NUR ROHMAN A ', '21114'),
('13211141052', 'NURMA ARUMNDARI ', '21114'),
('13211141053', 'HAWA HARIFAH PRATIWI ', '21114'),
('13211141054', 'PRATIKTO SATRIO W ', '21114'),
('13211141055', 'NIMAS LIEN ADRIATIK ', '21114'),
('13211141056', 'LULUK GAYUNG WIRATRI ', '21114'),
('13211141057', 'ALCENTYA SEKAR L ', '21114'),
('13211141058', 'NARESWARI C ', '21114'),
('13211141059', 'MOHAMMAD IQBAL A ', '21114'),
('13211141060', 'DENNA FAHMI SEJATI ', '21114'),
('13211141061', 'YUDA RAYZA THEODORUS ', '21114'),
('13211141062', 'ARCHIMI WIMA M ', '21114'),
('13211141063', 'IRFAN HIDAYAT ', '21114'),
('13211141064', 'NAUFAL NOOROSA R ', '21114'),
('13211141066', 'YOGIE ARIFIN PRAJA E ', '21114'),
('13211144001', 'PRENATA INTAN ROSARI ', '21114'),
('13211144002', 'MOH IMAWAN HELMI ', '21114'),
('13211144003', 'GIYASURRAHMAN ', '21114'),
('13211144004', 'GUSTI CITRA P ', '21114'),
('13211144005', 'DENIS AYU SAPUTRI ', '21114'),
('13211144006', 'RAVIEKA FATHYA RIMSHA A ', '21114'),
('13211144007', 'MARDHIYYAH LOLITA BANDU ', '21114'),
('13211144008', 'DIEN AULIA F ', '21114'),
('13211144009', 'ADELIA JANUARTO ', '21114'),
('13211144010', 'CANDRA ARDIANTO ', '21114');
INSERT INTO `tbl_mhs` (`id_mhs`, `nm_mhs`, `id_prodi`) VALUES ('13211144011', 'RESTU PUTRA SETIAJI ', '21114'),
('13211144012', 'WIDYA ROSANITA ', '21114'),
('13211144013', 'IRSYADI NAFIS ', '21114'),
('13211144014', 'DELLA PERGIWO SAPUTRI ', '21114'),
('13211144015', 'HENGGAR SULISTYOWATI ', '21114'),
('13211144016', 'SEKAR MURBARANI ', '21114'),
('13211144017', 'ISHAQ AZIS ABDULLAH ', '21114'),
('13211144018', 'DHIMAS KURNIA AJI SAPUTRO ', '21114'),
('13211144019', 'IKA HERDINA KURNIANINGSIH ', '21114'),
('13211144020', 'SOLEHA MEIKA KARTIKA ', '21114'),
('13211144021', 'YESI RAHMAWATI ', '21114'),
('13211144022', 'NABIL BAKRI ', '21114'),
('13211144024', 'ZAIMA BUNGA WIJAYANTI ', '21114'),
('13211144025', 'TUBEL OCTO SEMLI ', '21114'),
('13211144026', 'AHMED SAAD ALKHULAIB ', '21114'),
('13211149001', 'MARHELIN V M MANIANI ', '21114'),
('13211149002', 'STELLA SILPA YOKU ', '21114'),
('13211149003', 'DIEUWERTJE H.S KAPITARAUW ', '21114'),
('14202241002', 'Ardianti Kusumadewi', '20224'),
('14202241004', 'Diana Fitri Widiyani', '20224'),
('14202241005', 'Fany Ratnawati Podomi', '20224'),
('14202241006', 'Ulfi Ariana Indah Sari', '20224'),
('14202241007', 'Mutia Salasatun', '20224'),
('14202241008', 'Yuli Suryaningsih', '20224'),
('14202241009', 'Hanifah Novisari', '20224'),
('14202241010', 'Rizka Chandra Dewi', '20224'),
('14202241012', 'Rafi Diayu Swasti', '20224'),
('14202241013', 'Nuur Aziizah', '20224'),
('14202241014', 'Uswatun Hasanah', '20224'),
('14202241015', 'Siti Nurweni', '20224'),
('14202241016', 'Bekti Nur Anisa', '20224'),
('14202241017', 'Destyana Anggun Ratnaningsih', '20224'),
('14202241018', 'Salma Nabila Ali', '20224'),
('14202241019', 'Loevyani Eka Murnantini Putri', '20224'),
('14202241020', 'Siti Nurhidayati', '20224'),
('14202241021', 'Ratri Budiwati', '20224'),
('14202241022', 'Evy Rahmawati', '20224'),
('14202241023', 'Amanda Dwi Puspitaningtyas', '20224'),
('14202241024', 'Aldisha Meisella', '20224'),
('14202241025', 'Fita Dwi Nur Aini', '20224'),
('14202241026', 'Eri Kusumawardhani', '20224'),
('14202241027', 'Dea Dwi Novita', '20224'),
('14202241028', 'Ria Herningtyas', '20224'),
('14202241029', 'Kukuh Nur Setya Darmawan', '20224'),
('14202241030', 'Dian Islamiaty', '20224'),
('14202241031', 'Nurhidayah', '20224'),
('14202241032', 'Noha Afianti Wahyu Agustina', '20224'),
('14202241033', 'Rizkhi Aswariyan', '20224'),
('14202241034', 'Ufie Eryan Ilmawati', '20224'),
('14202241035', 'Chandraning Kurnia Putri', '20224'),
('14202241036', 'Resti Nur Hidayah', '20224'),
('14202241037', 'Aprilia Annisa Sanie', '20224'),
('14202241038', 'Rias Candrasari Ningsih', '20224'),
('14202241039', 'Rahma Anisa Banowati', '20224'),
('14202241040', 'Diana Anggraini', '20224'),
('14202241041', 'Astri Padmajati', '20224'),
('14202241042', 'Ziana Zakiah Sidik', '20224'),
('14202241043', 'Dzulaikha Dwi Hardani', '20224'),
('14202241044', 'Della Romora', '20224'),
('14202241045', 'Ariffah Nourma Juwita', '20224'),
('14202241046', 'Desty Setyaningsih', '20224'),
('14202241048', 'Andri Prabowo', '20224'),
('14202241049', 'Bekti Febriarti', '20224'),
('14202241050', 'Anita Herawati', '20224'),
('14202241051', 'Agung Nugroho', '20224'),
('14202241052', 'Faizka Rahmawati', '20224'),
('14202241054', 'Rakaisa Langit Bengras Somara', '20224'),
('14202241055', 'Dian Sekar Ayu Khairunnisa', '20224'),
('14202241056', 'Rachman Rian Prasetyo', '20224'),
('14202241058', 'Ahmad Nur Yazid', '20224'),
('14202241059', 'Afifah Listi F', '20224'),
('14202241060', 'Ratih Sri Pramestri', '20224'),
('14202241061', 'Mutia Syarifah Azma', '20224'),
('14202241062', 'Dimas Hatta A', '20224'),
('14202241063', 'Mohamad Hariza', '20224'),
('14202241064', 'Muh Yusuf I P', '20224'),
('14202241065', 'Ridha Nur Aisyi', '20224'),
('14202241066', 'Nina Fauzia', '20224'),
('14202241067', 'Mustofa', '20224'),
('14202241068', 'Irene Rache G', '20224'),
('14202241070', 'Abellia Ike Prastiwi', '20224'),
('14202241072', 'Nur Muhamad Sukoco', '20224'),
('14202241073', 'Kharisma Wahyu Pradana', '20224'),
('14202241074', 'David Dwi Senjaya', '20224'),
('14202241075', 'Agathya Amas Rosmauli Sitompul', '20224'),
('14202241076', 'Ella Timortiningsih', '20224'),
('14202241077', 'Dinnya Soca Dayinta', '20224'),
('14202241078', 'Amarylli Suta Arga H', '20224'),
('14202241079', 'Ervina Pitasari', '20224'),
('14202241080', 'Neneng Masnah', '20224'),
('14202241081', 'Hamdalah Kautsar', '20224'),
('14202241082', 'Fajrina Alfianti', '20224'),
('14202241083', 'Maslahah', '20224'),
('14202241084', 'Avif Irvan Safii', '20224'),
('14202241085', 'Nuraini Widiastuti', '20224'),
('14202241086', 'Syfa Amelia', '20224'),
('14202241088', 'Karina Wahyu Ningdhias', '20224'),
('14202244001', 'Galih Priyatmojo', '20224'),
('14202244003', 'Okta Lesagia', '20224'),
('14202244004', 'Sintaningsih Utami', '20224'),
('14202244005', 'Sri Anita Bella Asmara', '20224'),
('14202244006', 'Farikha Sukrotun Nikmah', '20224'),
('14202244007', 'Faisal Rizki Pratomo', '20224'),
('14202244009', 'Wisnu Bayu Setiaji', '20224'),
('14202244010', 'Noorlinda Ary Dwi Astuti', '20224'),
('14202244011', 'Muhammad Iqbal Nur Ristiyanta', '20224'),
('14202244012', 'Miladia Mustika Pridarani', '20224'),
('14202244013', 'Anira Khansa Salma', '20224'),
('14202244014', 'Bintang Fajri', '20224'),
('14202244016', 'Hammam Syariful Mahmud', '20224'),
('14202244017', 'Permata Salsabila', '20224'),
('14202244018', 'Yosua Egy Rinae', '20224'),
('14202244019', 'Fatia Hikmawati', '20224'),
('14202244020', 'Etma Fatma Milasari', '20224'),
('14202244021', 'Endri Budiarti', '20224'),
('14202244022', 'Dian Rizka Silvia', '20224'),
('14202244023', 'Ayu Silvia Rosa', '20224'),
('14202244024', 'Ryansyah Bathara Saptaaji Utama', '20224'),
('14202244025', 'Lina Ambarwati', '20224'),
('14202244026', 'Tsalitsa Normadina', '20224'),
('14202244027', 'Fauzan Nursandi', '20224'),
('14202244028', 'Asa Adetya Pamungkas', '20224'),
('14202244029', 'Nuril Arifa Sakti', '20224'),
('14202244030', 'Fathimah Nur Addini', '20224'),
('14202244031', 'Lailatul Muna Hana', '20224'),
('14202249001', 'Debbie Natazha Rumbewas', '20224'),
('14211141001', 'Silvia Eka Damayanti ', '21114'),
('14211141002', 'Sulis Yunianti ', '21114'),
('14211141003', 'Ratna Pertiwi ', '21114'),
('14211141004', 'Amadea Ervinda Rosa ', '21114'),
('14211141005', 'Yunisda Dwi Saputri ', '21114'),
('14211141006', 'Rika Desita Sari ', '21114'),
('14211141007', 'Citra Fatikha Ramadhan ', '21114'),
('14211141008', 'Wahyu Pratami ', '21114'),
('14211141009', 'Anisa Destiyan Putri ', '21114'),
('14211141010', 'Vany Rimbi Widyawati ', '21114'),
('14211141011', 'Desti Windriyani ', '21114'),
('14211141012', 'Dendi Pratama ', '21114'),
('14211141013', 'Panca Ratna Ariani ', '21114'),
('14211141014', 'Fitrianingsih ', '21114'),
('14211141015', 'Dinda Hayuning Candra Dewi ', '21114'),
('14211141016', 'Miftakhuddin ', '21114'),
('14211141017', 'Amelia Meidy Putriayu Semadaria ', '21114'),
('14211141018', 'Anis Ariyanti ', '21114'),
('14211141019', 'Dela Aditya Paramita ', '21114'),
('14211141020', 'Nia Widyastuti ', '21114'),
('14211141021', 'Andrea Widya Burhana ', '21114'),
('14211141022', 'Bagas Ashari Arianto ', '21114'),
('14211141023', 'Fitrana Amalia Hafizhah ', '21114'),
('14211141024', 'Hardiyanto ', '21114'),
('14211141025', 'Ade Cahya Ramadhan ', '21114'),
('14211141026', 'Dina Mentari ', '21114'),
('14211141027', 'Yustikarini ', '21114'),
('14211141028', 'Sarah Khoirunisa ', '21114'),
('14211141029', 'Hani Fahtya Eka Putri ', '21114'),
('14211141030', 'Hafizh Setyo Nugroho ', '21114'),
('14211141031', 'Rahmah Setyorini ', '21114'),
('14211141032', 'Juni Vantri ', '21114'),
('14211141033', 'Kirana Septariyani ', '21114'),
('14211141034', 'Amanata Siti Sapnarani ', '21114'),
('14211141035', 'Novinda Sisca Karunia ', '21114'),
('14211141036', 'Novaldy Enggar Vianto ', '21114'),
('14211141037', 'Kartika Moniq Annadella ', '21114'),
('14211141038', 'Aulia Assita ', '21114'),
('14211141039', 'Novita Andini ', '21114'),
('14211141040', 'Okta Deriyanto ', '21114'),
('14211141041', 'Wita Wulandari ', '21114'),
('14211141042', 'Syarifah Hannani ', '21114'),
('14211141043', 'Cornelius Eggy S ', '21114'),
('14211141044', 'Cindy Elsa Fitri ', '21114'),
('14211141045', 'Muhammad Bayu F R ', '21114'),
('14211141046', 'Ratih Mulyaningsih ', '21114'),
('14211141047', 'Yulia Fransisca A ', '21114'),
('14211141048', 'Rejiv Agung Prakas ', '21114'),
('14211141049', 'Faizal Anwar ', '21114'),
('14211141050', 'Ismail Jabir ', '21114'),
('14211141051', 'Awalur Rahmi Putri ', '21114'),
('14211141052', 'Cindy Arumningtyas Rafianto ', '21114'),
('14211141053', 'Benediktus Andika Dw ', '21114'),
('14211141054', 'Arie Endah Mangesti ', '21114'),
('14211141055', 'Dinda Sekarwangi ', '21114'),
('14211141056', 'Vita Pramuji Budi Lestari ', '21114'),
('14211141057', 'Setyo Pambudi ', '21114'),
('14211141058', 'Aulia Achmad Aliyev ', '21114'),
('14211141059', 'Lalita Andaru ', '21114'),
('14211144001', 'Naraswari Ayu Alami ', '21114'),
('14211144002', 'Futri Nadyaturrohmah ', '21114'),
('14211144003', 'Diwyacitta Pahdarina ', '21114'),
('14211144004', 'Dimas Kurniawan Putra ', '21114'),
('14211144005', 'Inggi Wantalangi ', '21114'),
('14211144006', 'Isnainar Rachmasari ', '21114'),
('14211144007', 'Reza Haniska Azhar Wiratama ', '21114'),
('14211144008', 'Kunto Wijoyo Danu ', '21114'),
('14211144009', 'Lilis Arilia ', '21114'),
('14211144010', 'Delvira Rosma Alfanita ', '21114'),
('14211144011', 'Indah Utami Chaerunnisah ', '21114'),
('14211144012', 'Muhammad Asrori ', '21114'),
('14211144013', 'Puput Puji Astuti ', '21114'),
('14211144014', 'Aprelia Perwita Sari ', '21114'),
('14211144015', 'Hasna Uzzakiyah ', '21114'),
('14211144016', 'Tisna Fikri Ridho ', '21114'),
('14211144017', 'Anggun Bunga Jelita Asmara Sakti ', '21114'),
('14211144018', 'Een Juliani ', '21114'),
('14211144019', 'Nastiti Lintang Kinasih ', '21114'),
('14211144020', 'Ellisa Shakina Amalia ', '21114'),
('14211144021', 'Prima Sabrina Ndaru Lestari ', '21114'),
('14211144022', 'Muhamad Krisna Aziz ', '21114'),
('14211144023', 'Ardana Neswari ', '21114'),
('14211149001', 'Stella M. Wanma ', '21114');

-- --------------------------------------------------------

-- 
-- Table structure for table `tbl_pilih`
-- 

CREATE TABLE `tbl_pilih` (
  `kode` int(3) NOT NULL auto_increment,
  `id_mhs` varchar(11) default NULL,
  `id_matkul` varchar(6) default NULL,
  `id_prodi` varchar(5) default NULL,
  PRIMARY KEY  (`kode`)
) ENGINE=InnoDB AUTO_INCREMENT=554 DEFAULT CHARSET=latin1 AUTO_INCREMENT=554 ;

-- 
-- Dumping data for table `tbl_pilih`
-- 

INSERT INTO `tbl_pilih` (`kode`, `id_mhs`, `id_matkul`, `id_prodi`) VALUES (7, '13211141066', 'SBI209', '21114'),
(8, '13211141066', 'ING226', '21114'),
(9, '13211141053', 'SBI209', '21114'),
(10, '13211141053', 'ING226', '21114'),
(11, '13211141064', 'SBI209', '21114'),
(12, '13211141064', 'ING219', '21114'),
(13, '13211141064', 'ING226', '21114'),
(14, '13211141050', 'SBI209', '21114'),
(15, '13211141050', 'SBI211', '21114'),
(16, '13211141058', 'ING220', '21114'),
(17, '13211141058', 'ING226', '21114'),
(18, '13211144004', 'ING219', '21114'),
(19, '13211144004', 'ING220', '21114'),
(20, '13211144004', 'ING226', '21114'),
(23, '13211141059', 'ING220', '21114'),
(24, '13211141049', 'ING219', '21114'),
(25, '13211141049', 'ING226', '21114'),
(26, '13211141051', 'SBI209', '21114'),
(27, '13211141060', 'SBI209', '21114'),
(28, '13211141060', 'SBI211', '21114'),
(29, '13211141060', 'ING220', '21114'),
(30, '13211141048', 'ING220', '21114'),
(31, '13211141047', 'SBI209', '21114'),
(32, '13211141047', 'SBI211', '21114'),
(33, '13211141047', 'SBI217', '21114'),
(34, '13211144002', 'ING224', '21114'),
(35, '13211144002', 'ING220', '21114'),
(37, '13211141003', 'ING220', '21114'),
(38, '13211141003', 'ING226', '21114'),
(40, '13211141023', 'ING220', '21114'),
(41, '13211144006', 'SBI207', '21114'),
(42, '13211144006', 'SBI208', '21114'),
(43, '13211144006', 'SBI209', '21114'),
(45, '13211144006', 'ING219', '21114'),
(46, '13211144006', 'ING220', '21114'),
(47, '13211144006', 'SBI211', '21114'),
(48, '13211144006', 'ING226', '21114'),
(49, '13211141045', 'SBI209', '21114'),
(50, '13211141045', 'SBI211', '21114'),
(52, '13211141037', 'SBI209', '21114'),
(53, '13211141037', 'SBI211', '21114'),
(55, '14202244011', 'PBI213', '20224'),
(56, '14202244011', 'ING229', '20224'),
(58, '14202241032', 'PBI213', '20224'),
(59, '14202241032', 'ING229', '20224'),
(61, '14202244004', 'PBI213', '20224'),
(62, '14202244004', 'ING229', '20224'),
(63, '14202241082', 'PBI213', '20224'),
(64, '14202241082', 'ING229', '20224'),
(65, '14211141010', 'ING219', '21114'),
(66, '14211141010', 'ING226', '21114'),
(67, '14202244012', 'PBI213', '20224'),
(68, '14202244012', 'ING229', '20224'),
(69, '13211141006', 'SBI209', '21114'),
(70, '13211141006', 'ING220', '21114'),
(71, '13211141006', 'ING226', '21114'),
(72, '13211141017', 'SBI209', '21114'),
(73, '13211141017', 'ING219', '21114'),
(74, '13211141017', 'ING226', '21114'),
(78, '13211141014', 'ING219', '21114'),
(79, '13211141014', 'SBI209', '21114'),
(81, '13211141016', 'ING220', '21114'),
(82, '13211141016', 'ING226', '21114'),
(83, '13211141027', 'SBI209', '21114'),
(85, '13211141033', 'ING220', '21114'),
(86, '13211141033', 'ING226', '21114'),
(87, '13211141022', 'ING220', '21114'),
(88, '13211141022', 'SBI209', '21114'),
(89, '13211141019', 'ING220', '21114'),
(90, '13211141003', 'SBI209', '21114'),
(91, '13211141023', 'SBI209', '21114'),
(92, '13211141016', 'SBI209', '21114'),
(93, '13211141002', 'SBI209', '21114'),
(94, '13211141002', 'SBI211', '21114'),
(95, '13211141033', 'SBI209', '21114'),
(97, '13211141015', 'ING220', '21114'),
(98, '13211141015', 'ING226', '21114'),
(99, '13211141011', 'SBI209', '21114'),
(100, '13211141011', 'SBI211', '21114'),
(108, '13211144015', 'SBI210', '21114'),
(109, '13211144015', 'SBI212', '21114'),
(110, '13211144009', 'SBI210', '21114'),
(114, '13211144010', 'SBI209', '21114'),
(115, '13211144010', 'ING220', '21114'),
(118, '13211141024', 'SBI210', '21114'),
(119, '13211141024', 'ING220', '21114'),
(120, '13211141039', 'SBI209', '21114'),
(121, '13211141039', 'SBI211', '21114'),
(122, '13211141039', 'ING220', '21114'),
(123, '13211141018', 'SBI209', '21114'),
(124, '13211141018', 'SBI211', '21114'),
(125, '13211141018', 'SBI217', '21114'),
(127, '13211141061', 'ING220', '21114'),
(128, '13211141061', 'ING226', '21114'),
(129, '13211141061', 'SBI209', '21114'),
(130, '13211141035', 'SBI209', '21114'),
(131, '13211141035', 'SBI211', '21114'),
(132, '13211141035', 'ING220', '21114'),
(133, '13211141001', 'SBI210', '21114'),
(134, '13211141001', 'SBI211', '21114'),
(135, '13211141001', 'SBI217', '21114'),
(140, '13211144007', 'SBI209', '21114'),
(143, '13211144007', 'ING220', '21114'),
(144, '13211144014', 'ING219', '21114'),
(147, '13211144014', 'SBI209', '21114'),
(148, '13211141030', 'SBI209', '21114'),
(149, '13211141030', 'SBI211', '21114'),
(150, '13211141046', 'SBI209', '21114'),
(151, '13211141046', 'SBI211', '21114'),
(152, '13211141046', 'ING226', '21114'),
(153, '13211141004', 'SBI209', '21114'),
(154, '13211141004', 'ING219', '21114'),
(155, '13211141028', 'SBI209', '21114'),
(156, '13211141028', 'SBI211', '21114'),
(157, '13211141028', 'ING226', '21114'),
(158, '13211141027', 'ING220', '21114'),
(159, '13211141040', 'SBI209', '21114'),
(160, '13211141040', 'SBI211', '21114'),
(161, '13211141040', 'ING226', '21114'),
(162, '13211141044', 'SBI209', '21114'),
(163, '13211141044', 'SBI211', '21114'),
(164, '13211141044', 'ING220', '21114'),
(165, '13211141005', 'SBI209', '21114'),
(166, '13211141005', 'SBI211', '21114'),
(167, '13211141026', 'ING220', '21114'),
(168, '13211141026', 'SBI209', '21114'),
(169, '13211141026', 'SBI211', '21114'),
(171, '13211141041', 'SBI209', '21114'),
(172, '13211141025', 'SBI209', '21114'),
(173, '13211141025', 'SBI211', '21114'),
(174, '13211141025', 'SBI217', '21114'),
(175, '13211141030', 'SBI217', '21114'),
(176, '13211144016', 'SBI210', '21114'),
(177, '13211144016', 'SBI211', '21114'),
(178, '13211144016', 'ING220', '21114'),
(179, '13211144008', 'SBI210', '21114'),
(180, '13211141054', 'ING227', '21114'),
(181, '13211141054', 'SBI206', '21114'),
(182, '13211141054', 'ING226', '21114'),
(183, '13211141058', 'SBI209', '21114'),
(184, '13211141050', 'ING224', '21114'),
(185, '14211141005', 'ING224', '21114'),
(186, '14211141005', 'ING227', '21114'),
(187, '14211141004', 'ING224', '21114'),
(188, '14211141004', 'ING227', '21114'),
(205, '13211144017', 'ING220', '21114'),
(208, '13211144017', 'ING226', '21114'),
(212, '13211144026', 'SBI208', '21114'),
(213, '13211144026', 'SBI209', '21114'),
(215, '14211141019', 'ING224', '21114'),
(216, '14211141019', 'ING227', '21114'),
(217, '14211141020', 'ING224', '21114'),
(218, '14211141020', 'ING227', '21114'),
(221, '14211141017', 'ING224', '21114'),
(222, '14211141017', 'ING219', '21114'),
(225, '14211141014', 'ING224', '21114'),
(226, '14211141014', 'ING227', '21114'),
(227, '14211141013', 'ING224', '21114'),
(228, '14211141013', 'ING227', '21114'),
(229, '13211141042', 'SBI209', '21114'),
(233, '14211141008', 'ING224', '21114'),
(234, '14211141008', 'ING227', '21114'),
(235, '14211141001', 'ING224', '21114'),
(236, '14211141001', 'ING227', '21114'),
(237, '14211141009', 'ING224', '21114'),
(238, '14211141009', 'ING227', '21114'),
(239, '14211141002', 'ING224', '21114'),
(240, '14211141002', 'ING227', '21114'),
(241, '14211141003', 'ING224', '21114'),
(242, '14211141003', 'ING227', '21114'),
(243, '14211141011', 'ING224', '21114'),
(244, '14211141011', 'ING227', '21114'),
(245, '11211144032', 'ING225', '21114'),
(246, '11211144032', 'SBI207', '21114'),
(247, '11211144032', 'SBI209', '21114'),
(248, '11211144032', 'SBI211', '21114'),
(249, '11211144032', 'ING226', '21114'),
(250, '14211141010', 'ING224', '21114'),
(252, '11211144002', 'ING224', '21114'),
(253, '11211144016', 'SBI204', '21114'),
(254, '11211144016', 'SBI211', '21114'),
(257, '11211144016', 'ING226', '21114'),
(258, '11211144002', 'SBI209', '21114'),
(259, '13202241029', 'ING225', '20224'),
(260, '13202241028', 'ING225', '20224'),
(263, '13202241011', 'ING224', '20224'),
(267, '13202241026', 'ING220', '20224'),
(270, '13211144006', 'SBI210', '21114'),
(271, '13211144006', 'SBI212', '21114'),
(272, '13202241004', 'ING221', '20224'),
(273, '13202241004', 'ING225', '20224'),
(274, '13202241004', 'ING224', '20224'),
(276, '13211144009', 'SBI217', '21114'),
(277, '13211141010', 'SBI217', '21114'),
(278, '13211144024', 'SBI210', '21114'),
(279, '13211144024', 'SBI211', '21114'),
(280, '13211144024', 'ING226', '21114'),
(281, '14211141042', 'ING224', '21114'),
(282, '14211141042', 'ING226', '21114'),
(284, '13202244025', 'ING221', '20224'),
(288, '10211144021', 'ING219', '21114'),
(289, '11211141038', 'ING219', '21114'),
(290, '11211141038', 'SBI206', '21114'),
(291, '11211141038', 'SBI208', '21114'),
(292, '11211144034', 'SBI211', '21114'),
(293, '11211144034', 'ING224', '21114'),
(295, '11211144036', 'SBI211', '21114'),
(296, '11211144036', 'ING224', '21114'),
(299, '10211144027', 'ING219', '21114'),
(300, '10211144041', 'ING219', '21114'),
(301, '10211144041', 'SBI209', '21114'),
(302, '13211144003', 'SBI212', '21114'),
(303, '13211144003', 'SBI216', '21114'),
(304, '13211144003', 'SBI217', '21114'),
(305, '13211144003', 'SBI210', '21114'),
(306, '13211144003', 'SBI211', '21114'),
(307, '13202241082', 'ING224', '20224'),
(308, '13211144013', 'ING226', '21114'),
(309, '14211144016', 'ING219', '21114'),
(310, '14211144008', 'ING219', '21114'),
(311, '14211144007', 'ING219', '21114'),
(312, '14211144003', 'ING224', '21114'),
(318, '14211144014', 'ING224', '21114'),
(324, '14211144015', 'ING224', '21114'),
(328, '14211141023', 'ING224', '21114'),
(329, '14211141023', 'ING227', '21114'),
(332, '14211144019', 'ING224', '21114'),
(333, '14211144019', 'ING227', '21114'),
(334, '14211144019', 'ING221', '21114'),
(335, '14211144019', 'ING226', '21114'),
(336, '14211144010', 'ING224', '21114'),
(337, '14211144010', 'ING227', '21114'),
(338, '14211144010', 'ING221', '21114'),
(339, '14211144010', 'ING226', '21114'),
(340, '14211144009', 'ING224', '21114'),
(342, '14211144009', 'ING219', '21114'),
(344, '13211141014', 'SBI211', '21114'),
(345, '13211141022', 'SBI211', '21114'),
(346, '13211144008', 'SBI211', '21114'),
(347, '13211144008', 'SBI217', '21114'),
(349, '13211144018', 'ING226', '21114'),
(350, '13202244015', 'ING225', '20224'),
(351, '13202244015', 'ING224', '20224'),
(352, '13202244015', 'ING203', '20224'),
(353, '13202244015', 'ING225', '20224'),
(354, '13202244015', 'ING224', '20224'),
(355, '13202244015', 'ING203', '20224'),
(356, '13202241073', 'ING220', '20224'),
(357, '13202241073', 'ING224', '20224'),
(358, '13202241073', 'ING226', '20224'),
(360, '14211141032', 'ING219', '21114'),
(362, '14211141039', 'ING224', '21114'),
(363, '14211141039', 'ING219', '21114'),
(364, '14211141039', 'ING226', '21114'),
(365, '13211144011', 'ING224', '21114'),
(367, '13211144011', 'ING220', '21114'),
(368, '14211141035', 'ING224', '21114'),
(369, '14211141035', 'ING226', '21114'),
(371, '13211141048', 'ING224', '21114'),
(373, '13202241023', 'PBI214', '20224'),
(374, '13202241037', 'PBI201', '20224'),
(375, '13202241037', 'PBI214', '20224'),
(376, '13202241028', 'PBI214', '20224'),
(377, '13202241035', 'PBI214', '20224'),
(378, '13202241021', 'PBI214', '20224'),
(379, '13202241024', 'PBI214', '20224'),
(381, '14211141048', 'ING226', '21114'),
(382, '13202241026', 'PBI201', '20224'),
(383, '13202241026', 'PBI214', '20224'),
(384, '13202241036', 'PBI214', '20224'),
(385, '13202241036', 'ING225', '20224'),
(386, '13211144018', 'ING220', '21114'),
(387, '14211144008', 'ING224', '21114'),
(389, '13202241012', 'PBI214', '20224'),
(390, '13202241010', 'PBI201', '20224'),
(391, '13202241010', 'PBI214', '20224'),
(392, '13202241009', 'PBI214', '20224'),
(393, '13202241012', 'PBI201', '20224'),
(394, '13202241002', 'PBI201', '20224'),
(395, '13202241002', 'PBI214', '20224'),
(396, '14211141036', 'ING221', '21114'),
(397, '13202241013', 'PBI201', '20224'),
(398, '13202241013', 'PBI214', '20224'),
(400, '13202241007', 'ING224', '20224'),
(402, '13202241012', 'ING220', '20224'),
(403, '13202241007', 'PBI214', '20224'),
(404, '13211141024', 'SBI217', '21114'),
(405, '13211141005', 'SBI217', '21114'),
(406, '13211141041', 'SBI217', '21114'),
(408, '13211141042', 'SBI217', '21114'),
(409, '13211144007', 'ING226', '21114'),
(411, '13211144014', 'ING226', '21114'),
(412, '13202249002', 'ING221', '20224'),
(413, '13202249002', 'ING224', '20224'),
(414, '13202249002', 'ING216', '20224'),
(415, '13211144011', 'SBI209', '21114'),
(416, '13211144011', 'SBI209', ''),
(417, '13211144010', 'ING224', '21114'),
(419, '13202244026', 'ING226', '20224'),
(422, '14202244011', 'ING224', '20224'),
(423, '13202241034', 'ING225', '20224'),
(425, '13202241034', 'ING203', '20224'),
(426, '13202241034', 'ING224', '20224'),
(428, '13202241011', 'PBI214', '20224'),
(429, '13202241044', 'PBI201', '20224'),
(430, '13202241044', 'PBI214', '20224'),
(431, '13202241049', 'PBI201', '20224'),
(432, '13202241049', 'PBI214', '20224'),
(433, '13202241053', 'PBI201', '20224'),
(434, '13202241053', 'PBI214', '20224'),
(435, '13202241051', 'PBI201', '20224'),
(436, '13202241051', 'PBI214', '20224'),
(437, '13202241055', 'PBI201', '20224'),
(438, '13202241055', 'PBI214', '20224'),
(439, '13202241046', 'ING220', '20224'),
(441, '13202241056', 'PBI201', '20224'),
(442, '13202241056', 'PBI214', '20224'),
(444, '13202241047', 'PBI214', '20224'),
(445, '14211144012', 'ING224', '21114'),
(447, '14211144012', 'ING226', '21114'),
(449, '13202241052', 'PBI214', '20224'),
(453, '13202241048', 'ING225', '20224'),
(455, '13202241059', 'PBI201', '20224'),
(456, '13202241059', 'PBI214', '20224'),
(457, '14211144004', 'ING224', '21114'),
(459, '14211144004', 'ING226', '21114'),
(460, '14202241073', 'ING224', '20224'),
(461, '14202241073', 'PBI214', '20224'),
(464, '14202241079', 'ING224', '20224'),
(465, '14202241079', 'PBI214', '20224'),
(466, '11202244040', 'ING222', '20224'),
(467, '11202244040', 'ING216', '20224'),
(468, '14202241064', 'ING224', '20224'),
(469, '14202241064', 'PBI214', '20224'),
(470, '13202241019', 'PBI201', '20224'),
(471, '13202241019', 'PBI214', '20224'),
(472, '13202244003', 'ING225', '20224'),
(473, '13202244003', 'ING203', '20224'),
(476, '11202241045', 'ING219', '20224'),
(478, '14211141041', 'ING224', '21114'),
(479, '13211144022', 'SBI217', '21114'),
(480, '13211141012', 'SBI209', '21114'),
(481, '13211141012', 'SBI211', '21114'),
(482, '13211141012', 'ING226', '21114'),
(483, '13211141059', 'ING219', '21114'),
(484, '13211144017', 'SBI217', '21114'),
(485, '13202241007', 'PBI201', '20224'),
(486, '13202241013', 'ING224', '20224'),
(487, '14202241061', 'ING224', '20224'),
(488, '14202241061', 'PBI214', '20224'),
(491, '13211141021', 'ING220', '21114'),
(492, '13211141029', 'ING220', '21114'),
(493, '13202241082', 'ING219', '20224'),
(494, '13202241082', 'ING224', '20224'),
(495, '13202241082', 'ING226', '20224'),
(496, '14211144003', 'ING226', '21114'),
(497, '14211144014', 'ING226', '21114'),
(498, '14211144015', 'ING226', '21114'),
(499, '14202241081', 'ING224', '20224'),
(500, '13202244013', 'ING224', '20224'),
(501, '14202241078', 'ING224', '20224'),
(502, '14202241078', 'PBI214', '20224'),
(503, '14202244003', 'ING224', '20224'),
(504, '14202244006', 'ING224', '20224'),
(505, '14202241082', 'ING224', '20224'),
(506, '14202241081', 'ING224', '20224'),
(507, '14211141041', 'ING227', '21114'),
(510, '13202244005', 'PBI201', '20224'),
(511, '13202244005', 'PBI214', '20224'),
(512, '14211141034', 'ING224', '21114'),
(516, '13202244012', 'PBI214', '20224'),
(517, '13202244012', 'ING224', '20224'),
(518, '14202244004', 'ING224', '20224'),
(519, '14202244012', 'ING224', '20224'),
(520, '13202244030', 'PBI214', '20224'),
(521, '13202244031', 'ING226', '20224'),
(522, '13202244031', 'PBI214', '20224'),
(523, '14211141040', 'ING224', '21114'),
(524, '14211141040', 'ING227', '21114'),
(525, '14211141034', 'ING227', '21114'),
(526, '14211141034', 'ING226', '21114'),
(527, '14211149001', 'ING224', '21114'),
(528, '14211149001', 'ING219', '21114'),
(529, '14211144006', 'ING224', '21114'),
(530, '14211144006', 'ING219', '21114'),
(531, '14202241013', 'ING224', '20224'),
(532, '14202241009', 'ING224', '20224'),
(533, '10202244062', 'ING225', '20224'),
(534, '10202244062', 'ING216', '20224'),
(535, '14211141030', 'ING224', '21114'),
(536, '14211141030', 'ING227', '21114'),
(537, '14211141030', 'ING219', '21114'),
(538, '13202241014', 'PBI201', '20224'),
(539, '13202241014', 'PBI214', '20224'),
(540, '13202241070', 'ING226', '20224'),
(541, '13202241070', 'PBI201', '20224'),
(542, '14202241017', 'ING224', '20224'),
(543, '14202241016', 'ING224', '20224'),
(544, '13202241048', 'PBI214', '20224'),
(545, '11211144006', 'SBI209', '21114'),
(546, '13202244025', 'ING226', '20224'),
(547, '14211141027', 'SBI204', '21114'),
(548, '14211141027', 'ING220', '21114'),
(549, '13202241052', 'PBI201', '20224'),
(550, '13202241047', 'PBI201', '20224'),
(551, '13202244026', 'PBI214', '20224'),
(552, '13202244011', 'PBI214', '20224'),
(553, '13202244011', 'ING225', '20224');

-- --------------------------------------------------------

-- 
-- Table structure for table `tbl_prodi`
-- 

CREATE TABLE `tbl_prodi` (
  `id_prodi` varchar(5) NOT NULL,
  `nm_prodi` varchar(75) default NULL,
  PRIMARY KEY  (`id_prodi`)
) ENGINE=InnoDB DEFAULT CHARSET=latin1;

-- 
-- Dumping data for table `tbl_prodi`
-- 

INSERT INTO `tbl_prodi` (`id_prodi`, `nm_prodi`) VALUES ('20224', 'Pendidikan Bahasa Inggris'),
('21114', 'Bahasa dan Sastra Inggris');

-- --------------------------------------------------------

-- 
-- Table structure for table `tbl_user`
-- 

CREATE TABLE `tbl_user` (
  `username` varchar(11) NOT NULL,
  `pass` varchar(20) default NULL,
  `id_prodi` varchar(5) default NULL,
  PRIMARY KEY  (`username`)
) ENGINE=InnoDB DEFAULT CHARSET=latin1;

-- 
-- Dumping data for table `tbl_user`
-- 

INSERT INTO `tbl_user` (`username`, `pass`, `id_prodi`) VALUES ('09202241001', '09202241001', '20224'),
('09202241002', '09202241002', '20224'),
('09202241003', '09202241003', '20224'),
('09202241004', '09202241004', '20224'),
('09202241005', '09202241005', '20224'),
('09202241006', '09202241006', '20224'),
('09202241007', '09202241007', '20224'),
('09202241008', '09202241008', '20224'),
('09202241009', '09202241009', '20224'),
('09202241010', '09202241010', '20224'),
('09202241011', '09202241011', '20224'),
('09202241012', '09202241012', '20224'),
('09202241013', '09202241013', '20224'),
('09202241014', '09202241014', '20224'),
('09202241015', '09202241015', '20224'),
('09202241016', '09202241016', '20224'),
('09202241017', '09202241017', '20224'),
('09202241018', '09202241018', '20224'),
('09202241019', '09202241019', '20224'),
('09202241020', '09202241020', '20224'),
('09202241021', '09202241021', '20224'),
('09202241022', '09202241022', '20224'),
('09202241023', '09202241023', '20224'),
('09202241024', '09202241024', '20224'),
('09202241025', '09202241025', '20224'),
('09202241026', '09202241026', '20224'),
('09202241027', '09202241027', '20224'),
('09202241028', '09202241028', '20224'),
('09202241029', '09202241029', '20224'),
('09202241030', '09202241030', '20224'),
('09202241031', '09202241031', '20224'),
('09202241032', '09202241032', '20224'),
('09202241033', '09202241033', '20224'),
('09202241034', '09202241034', '20224'),
('09202241035', '09202241035', '20224'),
('09202241036', '09202241036', '20224'),
('09202241037', '09202241037', '20224'),
('09202241038', '09202241038', '20224'),
('09202241039', '09202241039', '20224'),
('09202241040', '09202241040', '20224'),
('09202241041', '09202241041', '20224'),
('09202241042', '09202241042', '20224'),
('09202241043', '09202241043', '20224'),
('09202241044', '09202241044', '20224'),
('09202241045', '09202241045', '20224'),
('09202241046', '09202241046', '20224'),
('09202241047', '09202241047', '20224'),
('09202241048', '09202241048', '20224'),
('09202241049', '09202241049', '20224'),
('09202241050', '09202241050', '20224'),
('09202241051', '09202241051', '20224'),
('09202241052', '09202241052', '20224'),
('09202241053', '09202241053', '20224'),
('09202241054', '09202241054', '20224'),
('09202241055', '09202241055', '20224'),
('09202241056', '09202241056', '20224'),
('09202241057', '09202241057', '20224'),
('09202241058', '09202241058', '20224'),
('09202241059', '09202241059', '20224'),
('09202241060', '09202241060', '20224'),
('09202241061', '09202241061', '20224'),
('09202241062', '09202241062', '20224'),
('09202241063', '09202241063', '20224'),
('09202241064', '09202241064', '20224'),
('09202241065', '09202241065', '20224'),
('09202241066', '09202241066', '20224'),
('09202241067', '09202241067', '20224'),
('09202241068', '09202241068', '20224'),
('09202241069', '09202241069', '20224'),
('09202241070', '09202241070', '20224'),
('09202241071', '09202241071', '20224'),
('09202241072', '09202241072', '20224'),
('09202241073', '09202241073', '20224'),
('09202241074', '09202241074', '20224'),
('09202241075', '09202241075', '20224'),
('09202241076', '09202241076', '20224'),
('09202241077', '09202241077', '20224'),
('09202241078', '09202241078', '20224'),
('09202241079', '09202241079', '20224'),
('09202241080', '09202241080', '20224'),
('09202241081', '09202241081', '20224'),
('09202241082', '09202241082', '20224'),
('09202241083', '09202241083', '20224'),
('09202241084', '09202241084', '20224'),
('09202241085', '09202241085', '20224'),
('09202241086', '09202241086', '20224'),
('09202241087', '09202241087', '20224'),
('09202241088', '09202241088', '20224'),
('09202241089', '09202241089', '20224'),
('09202241090', 'mautauajalu', '20224'),
('09202244001', '09202244001', '20224'),
('09202244002', '09202244002', '20224'),
('09202244003', '09202244003', '20224'),
('09202244004', '09202244004', '20224'),
('09202244005', '09202244005', '20224'),
('09202244006', '09202244006', '20224'),
('09202244007', '09202244007', '20224'),
('09202244008', '09202244008', '20224'),
('09202244009', '09202244009', '20224'),
('09202244010', '09202244010', '20224'),
('09202244011', '09202244011', '20224'),
('09202244012', '09202244012', '20224'),
('09202244013', '09202244013', '20224'),
('09202244014', '09202244014', '20224'),
('09202244015', '09202244015', '20224'),
('09202244016', '09202244016', '20224'),
('09202244017', '09202244017', '20224'),
('09202244018', '09202244018', '20224'),
('09202244019', '09202244019', '20224'),
('09202244020', '09202244020', '20224'),
('09202244021', '09202244021', '20224'),
('09202244022', '09202244022', '20224'),
('09202244023', '09202244023', '20224'),
('09202244024', '09202244024', '20224'),
('09202244025', '09202244025', '20224'),
('09202244026', '09202244026', '20224'),
('09202244027', '09202244027', '20224'),
('09202244028', '09202244028', '20224'),
('09202244029', '09202244029', '20224'),
('09202244030', '09202244030', '20224'),
('09202244031', '09202244031', '20224'),
('09202244032', '09202244032', '20224'),
('09202244033', 'tedetede', '20224'),
('09202244034', '09202244034', '20224'),
('09202244035', '09202244035', '20224'),
('09202244036', '09202244036', '20224'),
('09202244037', '09202244037', '20224'),
('09202244038', '09202244038', '20224'),
('09202244039', '09202244039', '20224'),
('09202244040', '09202244040', '20224'),
('09202244041', '09202244041', '20224'),
('09202244042', '09202244042', '20224'),
('09202244043', '09202244043', '20224'),
('09202244044', '09202244044', '20224'),
('09202244045', '09202244045', '20224'),
('09202244046', '09202244046', '20224'),
('09202244047', '09202244047', '20224'),
('09202244048', '09202244048', '20224'),
('09202244049', '09202244049', '20224'),
('09202249001', '09202249001', '20224'),
('09202249002', '09202249002', '20224'),
('09202249003', '09202249003', '20224'),
('09211141001', '09211141001', '21114'),
('09211141002', '09211141002', '21114'),
('09211141003', '09211141003', '21114'),
('09211141004', '09211141004', '21114'),
('09211141005', '09211141005', '21114'),
('09211141006', '09211141006', '21114'),
('09211141007', '09211141007', '21114'),
('09211141008', '09211141008', '21114'),
('09211141009', '09211141009', '21114'),
('09211141010', '09211141010', '21114'),
('09211141011', '09211141011', '21114'),
('09211141012', '09211141012', '21114'),
('09211141013', '09211141013', '21114'),
('09211141014', '09211141014', '21114'),
('09211141015', '09211141015', '21114'),
('09211141016', '09211141016', '21114'),
('09211141017', '09211141017', '21114'),
('09211141018', '09211141018', '21114'),
('09211141019', '09211141019', '21114'),
('09211141020', '09211141020', '21114'),
('09211141021', '09211141021', '21114'),
('09211141022', '09211141022', '21114'),
('09211141023', '09211141023', '21114'),
('09211141024', '09211141024', '21114'),
('09211141025', '09211141025', '21114'),
('09211141026', '09211141026', '21114'),
('09211141027', '09211141027', '21114'),
('09211141028', '09211141028', '21114'),
('09211141029', '09211141029', '21114'),
('09211141030', '09211141030', '21114'),
('09211141031', '09211141031', '21114'),
('09211141032', '09211141032', '21114'),
('09211141033', '09211141033', '21114'),
('09211141034', '09211141034', '21114'),
('09211141035', '09211141035', '21114'),
('09211141036', '09211141036', '21114'),
('09211144001', '09211144001', '21114'),
('09211144002', '09211144002', '21114'),
('09211144003', '09211144003', '21114'),
('09211144004', '09211144004', '21114'),
('09211144005', '09211144005', '21114'),
('09211144006', '09211144006', '21114'),
('09211144007', '09211144007', '21114'),
('09211144008', '09211144008', '21114'),
('09211144009', '09211144009', '21114'),
('09211144010', '09211144010', '21114'),
('09211144011', '09211144011', '21114'),
('09211144012', '09211144012', '21114'),
('09211144013', '09211144013', '21114'),
('09211144014', '09211144014', '21114'),
('09211144015', '09211144015', '21114'),
('09211144016', '09211144016', '21114'),
('09211144017', '09211144017', '21114'),
('09211144018', '09211144018', '21114'),
('09211144019', '09211144019', '21114'),
('09211144020', '09211144020', '21114'),
('09211144021', '09211144021', '21114'),
('09211144022', '09211144022', '21114'),
('09211144023', '09211144023', '21114'),
('09211144024', '09211144024', '21114'),
('09211144025', '09211144025', '21114'),
('09211144026', '09211144026', '21114'),
('09211144027', '09211144027', '21114'),
('09211144028', '09211144028', '21114'),
('09211144029', '09211144029', '21114'),
('09211144030', '09211144030', '21114'),
('09211144031', '09211144031', '21114'),
('09211144032', '09211144032', '21114'),
('09211144033', '09211144033', '21114'),
('09211144034', '09211144034', '21114'),
('09211144035', '09211144035', '21114'),
('09211144036', '09211144036', '21114'),
('09211144037', '09211144037', '21114'),
('09211144038', '09211144038', '21114'),
('09211144039', '09211144039', '21114'),
('09211144040', '09211144040', '21114'),
('09211144041', '09211144041', '21114'),
('09211144042', '09211144042', '21114'),
('10202241001', '10202241001', '20224'),
('10202241002', '10202241002', '20224'),
('10202241003', '10202241003', '20224'),
('10202241004', '10202241004', '20224'),
('10202241005', '10202241005', '20224'),
('10202241006', '10202241006', '20224'),
('10202241007', '10202241007', '20224'),
('10202241008', '10202241008', '20224'),
('10202241009', '10202241009', '20224'),
('10202241010', '10202241010', '20224'),
('10202241011', '10202241011', '20224'),
('10202241012', '10202241012', '20224'),
('10202241013', '10202241013', '20224'),
('10202241014', '10202241014', '20224'),
('10202241015', '10202241015', '20224'),
('10202241016', '10202241016', '20224'),
('10202241017', '10202241017', '20224'),
('10202241018', '10202241018', '20224'),
('10202241019', '10202241019', '20224'),
('10202241020', '10202241020', '20224'),
('10202241021', '10202241021', '20224'),
('10202241022', '10202241022', '20224'),
('10202241023', '10202241023', '20224'),
('10202241024', '10202241024', '20224'),
('10202241025', '10202241025', '20224'),
('10202241026', '10202241026', '20224'),
('10202241027', '10202241027', '20224'),
('10202241028', '10202241028', '20224'),
('10202241029', '10202241029', '20224'),
('10202241030', '10202241030', '20224'),
('10202241031', '10202241031', '20224'),
('10202241032', '10202241032', '20224'),
('10202241033', '10202241033', '20224'),
('10202241034', '10202241034', '20224'),
('10202241035', '10202241035', '20224'),
('10202241036', '10202241036', '20224'),
('10202241037', '10202241037', '20224'),
('10202241038', '10202241038', '20224'),
('10202241039', '10202241039', '20224'),
('10202241040', '10202241040', '20224'),
('10202241041', '10202241041', '20224'),
('10202241042', '10202241042', '20224'),
('10202241043', '10202241043', '20224'),
('10202241044', '10202241044', '20224'),
('10202241045', '10202241045', '20224'),
('10202241046', '10202241046', '20224'),
('10202241047', '10202241047', '20224'),
('10202241048', '10202241048', '20224'),
('10202241049', '10202241049', '20224'),
('10202241050', '10202241050', '20224'),
('10202241051', '10202241051', '20224'),
('10202241052', '10202241052', '20224'),
('10202241053', '10202241053', '20224'),
('10202241054', '10202241054', '20224'),
('10202241055', '10202241055', '20224'),
('10202241056', '10202241056', '20224'),
('10202241057', '10202241057', '20224'),
('10202241058', '10202241058', '20224'),
('10202241059', '10202241059', '20224'),
('10202241060', '10202241060', '20224'),
('10202241061', '10202241061', '20224'),
('10202241062', '10202241062', '20224'),
('10202241063', '10202241063', '20224'),
('10202241064', '10202241064', '20224'),
('10202241065', '10202241065', '20224'),
('10202241066', '10202241066', '20224'),
('10202241067', '10202241067', '20224'),
('10202241068', '10202241068', '20224'),
('10202241069', '10202241069', '20224'),
('10202241070', '10202241070', '20224'),
('10202241071', '10202241071', '20224'),
('10202241072', '10202241072', '20224'),
('10202241073', '10202241073', '20224'),
('10202241074', '10202241074', '20224'),
('10202241075', '10202241075', '20224'),
('10202241076', '10202241076', '20224'),
('10202241077', '10202241077', '20224'),
('10202241078', '10202241078', '20224'),
('10202244001', '10202244001', '20224'),
('10202244002', '10202244002', '20224'),
('10202244003', '10202244003', '20224'),
('10202244004', '10202244004', '20224'),
('10202244005', '10202244005', '20224'),
('10202244006', '10202244006', '20224'),
('10202244007', '10202244007', '20224'),
('10202244008', '10202244008', '20224'),
('10202244009', '10202244009', '20224'),
('10202244010', '10202244010', '20224'),
('10202244011', '10202244011', '20224'),
('10202244012', '10202244012', '20224'),
('10202244013', '10202244013', '20224'),
('10202244014', '10202244014', '20224'),
('10202244015', '10202244015', '20224'),
('10202244016', '10202244016', '20224'),
('10202244017', '10202244017', '20224'),
('10202244018', '10202244018', '20224'),
('10202244019', '10202244019', '20224'),
('10202244020', '10202244020', '20224'),
('10202244021', '10202244021', '20224'),
('10202244022', '10202244022', '20224'),
('10202244023', '10202244023', '20224'),
('10202244024', '10202244024', '20224'),
('10202244025', '10202244025', '20224'),
('10202244026', '10202244026', '20224'),
('10202244027', '10202244027', '20224'),
('10202244028', '10202244028', '20224'),
('10202244029', '10202244029', '20224'),
('10202244030', '10202244030', '20224'),
('10202244031', '10202244031', '20224'),
('10202244032', '10202244032', '20224'),
('10202244033', '10202244033', '20224'),
('10202244034', '10202244034', '20224'),
('10202244035', '10202244035', '20224'),
('10202244036', '10202244036', '20224'),
('10202244037', '10202244037', '20224'),
('10202244038', '10202244038', '20224'),
('10202244039', '10202244039', '20224'),
('10202244040', '10202244040', '20224'),
('10202244041', '10202244041', '20224'),
('10202244042', '10202244042', '20224'),
('10202244043', '10202244043', '20224'),
('10202244044', '10202244044', '20224'),
('10202244045', '10202244045', '20224'),
('10202244046', '10202244046', '20224'),
('10202244047', '10202244047', '20224'),
('10202244048', '10202244048', '20224'),
('10202244049', '10202244049', '20224'),
('10202244050', '10202244050', '20224'),
('10202244051', '10202244051', '20224'),
('10202244052', '10202244052', '20224'),
('10202244053', '10202244053', '20224'),
('10202244054', '10202244054', '20224'),
('10202244055', '10202244055', '20224'),
('10202244056', '10202244056', '20224'),
('10202244057', '10202244057', '20224'),
('10202244058', 'rahasia23', '20224'),
('10202244059', '10202244059', '20224'),
('10202244060', '10202244060', '20224'),
('10202244061', '10202244061', '20224'),
('10202244062', 'asyariasyari', '20224'),
('10202244063', '10202244063', '20224'),
('10202244064', '10202244064', '20224'),
('10202244065', '10202244065', '20224'),
('10202244066', '10202244066', '20224'),
('10202244067', '10202244067', '20224'),
('10202244068', '10202244068', '20224'),
('10202244069', '10202244069', '20224'),
('10202244070', '10202244070', '20224'),
('10202244071', '10202244071', '20224'),
('10202244072', '10202244072', '20224'),
('10202244073', '10202244073', '20224'),
('10202244074', '10202244074', '20224'),
('10202244075', '10202244075', '20224'),
('10202244076', '10202244076', '20224'),
('10202244077', '10202244077', '20224'),
('10202244078', '10202244078', '20224'),
('10202244079', '10202244079', '20224'),
('10202244080', '10202244080', '20224'),
('10202244081', '10202244081', '20224'),
('10202244082', '10202244082', '20224'),
('10202244083', '10202244083', '20224'),
('10202244084', '10202244084', '20224'),
('10202244085', '10202244085', '20224'),
('10202244086', '10202244086', '20224'),
('10202244087', '10202244087', '20224'),
('10202244088', '10202244088', '20224'),
('10202244089', '10202244089', '20224'),
('10202244090', '10202244090', '20224'),
('10202244091', '10202244091', '20224'),
('10202244092', '10202244092', '20224'),
('10202247001', '10202247001', '20224'),
('10202247002', '10202247002', '20224'),
('10202247003', '10202247003', '20224'),
('10202247004', '10202247004', '20224'),
('10202247005', '10202247005', '20224'),
('10211141001', '10211141001', '21114'),
('10211141002', '10211141002', '21114'),
('10211141003', '10211141003', '21114'),
('10211141004', '10211141004', '21114'),
('10211141005', '10211141005', '21114'),
('10211141006', '10211141006', '21114'),
('10211141007', '10211141007', '21114'),
('10211141008', '10211141008', '21114'),
('10211141009', '10211141009', '21114'),
('10211141010', '10211141010', '21114'),
('10211141011', '10211141011', '21114'),
('10211141012', '10211141012', '21114'),
('10211141013', '10211141013', '21114'),
('10211141014', '10211141014', '21114'),
('10211141015', '10211141015', '21114'),
('10211141016', '10211141016', '21114'),
('10211141017', '10211141017', '21114'),
('10211141018', '10211141018', '21114'),
('10211141019', '10211141019', '21114'),
('10211141020', '10211141020', '21114'),
('10211141021', '10211141021', '21114'),
('10211141022', '10211141022', '21114'),
('10211141023', '10211141023', '21114'),
('10211141024', '10211141024', '21114'),
('10211141025', '10211141025', '21114'),
('10211141026', '10211141026', '21114'),
('10211141027', '10211141027', '21114'),
('10211141028', '10211141028', '21114'),
('10211141029', '10211141029', '21114'),
('10211141030', '10211141030', '21114'),
('10211141031', '10211141031', '21114'),
('10211141032', '10211141032', '21114'),
('10211141033', '10211141033', '21114'),
('10211141034', '10211141034', '21114'),
('10211141035', '10211141035', '21114'),
('10211141036', '10211141036', '21114'),
('10211141037', '10211141037', '21114'),
('10211141038', '10211141038', '21114'),
('10211141039', '10211141039', '21114'),
('10211141040', '10211141040', '21114'),
('10211141041', '10211141041', '21114'),
('10211141042', '10211141042', '21114'),
('10211144001', '10211144001', '21114'),
('10211144002', '10211144002', '21114'),
('10211144003', '10211144003', '21114'),
('10211144004', '10211144004', '21114'),
('10211144005', '10211144005', '21114'),
('10211144006', '10211144006', '21114'),
('10211144007', '10211144007', '21114'),
('10211144008', '10211144008', '21114'),
('10211144009', 'ngerayap', '21114'),
('10211144010', '10211144010', '21114'),
('10211144011', '10211144011', '21114'),
('10211144012', '10211144012', '21114'),
('10211144013', '10211144013', '21114'),
('10211144014', '10211144014', '21114'),
('10211144015', '10211144015', '21114'),
('10211144016', '10211144016', '21114'),
('10211144017', '10211144017', '21114'),
('10211144018', '10211144018', '21114'),
('10211144019', '10211144019', '21114'),
('10211144020', '10211144020', '21114'),
('10211144021', '10211144021', '21114'),
('10211144022', '10211144022', '21114'),
('10211144023', '10211144023', '21114'),
('10211144024', '10211144024', '21114'),
('10211144025', '10211144025', '21114'),
('10211144026', '10211144026', '21114'),
('10211144027', 'suhar', '21114'),
('10211144028', '10211144028', '21114'),
('10211144029', '10211144029', '21114'),
('10211144030', '10211144030', '21114'),
('10211144031', '10211144031', '21114'),
('10211144032', '10211144032', '21114'),
('10211144033', '10211144033', '21114'),
('10211144034', '10211144034', '21114'),
('10211144035', '10211144035', '21114'),
('10211144036', '10211144036', '21114'),
('10211144037', '10211144037', '21114'),
('10211144038', '10211144038', '21114'),
('10211144039', '10211144039', '21114'),
('10211144040', '10211144040', '21114'),
('10211144041', 'jinguk', '21114'),
('11202241001', '11202241001', '20224'),
('11202241002', '11202241002', '20224'),
('11202241003', '11202241003', '20224'),
('11202241004', '11202241004', '20224'),
('11202241005', '11202241005', '20224'),
('11202241006', '11202241006', '20224'),
('11202241007', '11202241007', '20224'),
('11202241008', '11202241008', '20224'),
('11202241009', '11202241009', '20224'),
('11202241010', '11202241010', '20224'),
('11202241011', '11202241011', '20224'),
('11202241012', '11202241012', '20224'),
('11202241013', '11202241013', '20224'),
('11202241014', '11202241014', '20224'),
('11202241015', '11202241015', '20224'),
('11202241016', '11202241016', '20224'),
('11202241017', '11202241017', '20224'),
('11202241018', '11202241018', '20224'),
('11202241019', '11202241019', '20224'),
('11202241020', '11202241020', '20224'),
('11202241021', '11202241021', '20224'),
('11202241022', '11202241022', '20224'),
('11202241023', '11202241023', '20224'),
('11202241024', '11202241024', '20224'),
('11202241025', '11202241025', '20224'),
('11202241026', '11202241026', '20224'),
('11202241027', '11202241027', '20224'),
('11202241028', '11202241028', '20224'),
('11202241029', '11202241029', '20224'),
('11202241030', '11202241030', '20224'),
('11202241031', '11202241031', '20224'),
('11202241032', '11202241032', '20224'),
('11202241033', '11202241033', '20224'),
('11202241034', '11202241034', '20224'),
('11202241035', '11202241035', '20224'),
('11202241036', '11202241036', '20224'),
('11202241037', '11202241037', '20224'),
('11202241038', '11202241038', '20224'),
('11202241039', '11202241039', '20224'),
('11202241040', '11202241040', '20224'),
('11202241041', 'thunderabsolute', '20224'),
('11202241042', '11202241042', '20224'),
('11202241043', '11202241043', '20224'),
('11202241044', 'kelas11s2', '20224'),
('11202241045', '11202241045', '20224'),
('11202241046', '11202241046', '20224'),
('11202241047', '11202241047', '20224'),
('11202241048', '11202241048', '20224'),
('11202241049', '11202241049', '20224'),
('11202241050', '11202241050', '20224'),
('11202241051', '11202241051', '20224'),
('11202241052', '11202241052', '20224'),
('11202241053', 'gonosgonos', '20224'),
('11202241054', '11202241054', '20224'),
('11202241055', '11202241055', '20224'),
('11202241056', '11202241056', '20224'),
('11202241057', '11202241057', '20224'),
('11202241058', '11202241058', '20224'),
('11202241059', '11202241059', '20224'),
('11202241060', '11202241060', '20224'),
('11202241061', '11202241061', '20224'),
('11202241062', '11202241062', '20224'),
('11202241063', 'bymbj17', '20224'),
('11202241064', '11202241064', '20224'),
('11202241065', '11202241065', '20224'),
('11202241066', '11202241066', '20224'),
('11202241067', '11202241067', '20224'),
('11202241068', '11202241068', '20224'),
('11202241069', '11202241069', '20224'),
('11202241070', '11202241070', '20224'),
('11202241071', '11202241071', '20224'),
('11202241072', '11202241072', '20224'),
('11202241073', '11202241073', '20224'),
('11202241074', '11202241074', '20224'),
('11202241075', '11202241075', '20224'),
('11202241076', '11202241076', '20224'),
('11202244001', '11202244001', '20224'),
('11202244002', '11202244002', '20224'),
('11202244003', '11202244003', '20224'),
('11202244004', '11202244004', '20224'),
('11202244005', '11202244005', '20224'),
('11202244006', '11202244006', '20224'),
('11202244007', '11202244007', '20224'),
('11202244008', '11202244008', '20224'),
('11202244009', '11202244009', '20224'),
('11202244010', '11202244010', '20224'),
('11202244011', '11202244011', '20224'),
('11202244012', '11202244012', '20224'),
('11202244013', '11202244013', '20224'),
('11202244014', '11202244014', '20224'),
('11202244015', '11202244015', '20224'),
('11202244016', '11202244016', '20224'),
('11202244017', '11202244017', '20224'),
('11202244018', '11202244018', '20224'),
('11202244019', '11202244019', '20224'),
('11202244020', '11202244020', '20224'),
('11202244021', '11202244021', '20224'),
('11202244022', '11202244022', '20224'),
('11202244023', '11202244023', '20224'),
('11202244024', '11202244024', '20224'),
('11202244025', '11202244025', '20224'),
('11202244026', '11202244026', '20224'),
('11202244027', '11202244027', '20224'),
('11202244028', '11202244028', '20224'),
('11202244029', '11202244029', '20224'),
('11202244030', '11202244030', '20224'),
('11202244031', '11202244031', '20224'),
('11202244032', '11202244032', '20224'),
('11202244033', '11202244033', '20224'),
('11202244034', '11202244034', '20224'),
('11202244035', '11202244035', '20224'),
('11202244036', '11202244036', '20224'),
('11202244037', '11202244037', '20224'),
('11202244038', '11202244038', '20224'),
('11202244039', '11202244039', '20224'),
('11202244040', '@hidroasist2', '20224'),
('11202244041', '11202244041', '20224'),
('11202244042', '11202244042', '20224'),
('11202244043', '11202244043', '20224'),
('11202244044', '11202244044', '20224'),
('11202244045', '11202244045', '20224'),
('11202244046', '11202244046', '20224'),
('11211141001', '11211141001', '21114'),
('11211141002', '11211141002', '21114'),
('11211141003', '11211141003', '21114'),
('11211141004', '11211141004', '21114'),
('11211141005', '11211141005', '21114'),
('11211141006', '11211141006', '21114'),
('11211141007', '11211141007', '21114'),
('11211141008', '11211141008', '21114'),
('11211141009', '11211141009', '21114'),
('11211141010', '11211141010', '21114'),
('11211141011', '11211141011', '21114'),
('11211141012', '11211141012', '21114'),
('11211141013', '11211141013', '21114'),
('11211141014', '11211141014', '21114'),
('11211141015', '11211141015', '21114'),
('11211141016', '11211141016', '21114'),
('11211141017', '11211141017', '21114'),
('11211141018', '11211141018', '21114'),
('11211141019', '11211141019', '21114'),
('11211141020', '11211141020', '21114'),
('11211141021', '11211141021', '21114'),
('11211141022', '11211141022', '21114'),
('11211141023', '11211141023', '21114'),
('11211141024', '11211141024', '21114'),
('11211141025', '11211141025', '21114'),
('11211141026', '11211141026', '21114'),
('11211141027', '11211141027', '21114'),
('11211141028', '11211141028', '21114'),
('11211141029', '11211141029', '21114'),
('11211141030', '11211141030', '21114'),
('11211141031', '11211141031', '21114'),
('11211141032', '11211141032', '21114'),
('11211141033', '11211141033', '21114'),
('11211141034', '11211141034', '21114'),
('11211141035', '11211141035', '21114'),
('11211141036', '11211141036', '21114'),
('11211141037', '11211141037', '21114'),
('11211141038', '11211141038', '21114'),
('11211141039', '11211141039', '21114'),
('11211141040', '11211141040', '21114'),
('11211141041', '11211141041', '21114'),
('11211141042', '11211141042', '21114'),
('11211141043', '11211141043', '21114'),
('11211141044', '11211141044', '21114'),
('11211141045', '11211141045', '21114'),
('11211141046', '11211141046', '21114'),
('11211141047', '11211141047', '21114'),
('11211144001', '11211144001', '21114'),
('11211144002', '11211144002', '21114'),
('11211144003', '11211144003', '21114'),
('11211144004', '11211144004', '21114'),
('11211144005', '11211144005', '21114'),
('11211144006', '11211144006', '21114'),
('11211144007', '11211144007', '21114'),
('11211144008', '11211144008', '21114'),
('11211144009', '11211144009', '21114'),
('11211144010', '11211144010', '21114'),
('11211144011', '11211144011', '21114'),
('11211144012', '11211144012', '21114'),
('11211144013', 'jehnacantik', '21114'),
('11211144014', '11211144014', '21114'),
('11211144015', '11211144015', '21114'),
('11211144016', '11211144016', '21114'),
('11211144017', '11211144017', '21114'),
('11211144018', '11211144018', '21114'),
('11211144019', '11211144019', '21114'),
('11211144020', '11211144020', '21114'),
('11211144021', '11211144021', '21114'),
('11211144022', '11211144022', '21114'),
('11211144023', '11211144023', '21114'),
('11211144024', '11211144024', '21114'),
('11211144025', '11211144025', '21114'),
('11211144026', '11211144026', '21114'),
('11211144027', '11211144027', '21114'),
('11211144028', '11211144028', '21114'),
('11211144029', '11211144029', '21114'),
('11211144030', '11211144030', '21114'),
('11211144031', '11211144031', '21114'),
('11211144032', '11211144032', '21114'),
('11211144033', '11211144033', '21114'),
('11211144034', '11211144034', '21114'),
('11211144035', '11211144035', '21114'),
('11211144036', '11211144036', '21114'),
('11211144037', '11211144037', '21114'),
('11211149001', '11211149001', '21114'),
('11211149002', '11211149002', '21114'),
('11211149003', '11211149003', '21114'),
('11211149004', '11211149004', '21114'),
('12202241001', '07051993*tiekha', '20224'),
('12202241002', 'mafita', '20224'),
('12202241003', '12202241003', '20224'),
('12202241004', '12202241004', '20224'),
('12202241005', '12202241005', '20224'),
('12202241006', 'agnesa11278', '20224'),
('12202241007', '060696', '20224'),
('12202241008', '12202241008', '20224'),
('12202241009', '12202241009', '20224'),
('12202241010', 'rahman60', '20224'),
('12202241011', '01september94', '20224'),
('12202241012', '12202241012', '20224'),
('12202241013', '12202241013', '20224'),
('12202241014', '12202241014', '20224'),
('12202241015', 'zazukeuchiha', '20224'),
('12202241016', '12202241016', '20224'),
('12202241017', '12202241017', '20224'),
('12202241018', '12202241018', '20224'),
('12202241019', '12202241019', '20224'),
('12202241020', '12202241020', '20224'),
('12202241021', '12202241021', '20224'),
('12202241022', '12202241022', '20224'),
('12202241023', 'assalam', '20224'),
('12202241024', '12202241024', '20224'),
('12202241025', '12202241025', '20224'),
('12202241026', '12202241026', '20224'),
('12202241027', '12202241027', '20224'),
('12202241028', '12202241028', '20224'),
('12202241029', '12202241029', '20224'),
('12202241030', '12202241030', '20224'),
('12202241031', 'indonesia', '20224'),
('12202241032', '12202241032', '20224'),
('12202241033', '07081994', '20224'),
('12202241034', '12202241034', '20224'),
('12202241035', '12202241035', '20224'),
('12202241036', '12202241036', '20224'),
('12202241037', '12202241037', '20224'),
('12202241038', '12202241038', '20224'),
('12202241039', '12202241039', '20224'),
('12202241040', '12202241040', '20224'),
('12202241041', '12202241041', '20224'),
('12202241042', '12202241042', '20224'),
('12202241043', '12202241043', '20224'),
('12202241044', '12202241044', '20224'),
('12202241045', '12202241045', '20224'),
('12202241046', '12202241046', '20224'),
('12202241047', '12202241047', '20224'),
('12202241048', '12202241048', '20224'),
('12202241049', '12202241049', '20224'),
('12202241050', '12202241050', '20224'),
('12202241051', '12202241051', '20224'),
('12202241052', 'aaa', '20224'),
('12202241053', 'byunbaekhyun', '20224'),
('12202241054', '12202241054', '20224'),
('12202241055', 'erikuswanti', '20224'),
('12202241056', '12202241056', '20224'),
('12202241057', '12202241057', '20224'),
('12202241058', '12202241058', '20224'),
('12202241059', '12202241059', '20224'),
('12202241060', '12202241060', '20224'),
('12202241061', '12202241061', '20224'),
('12202241062', '12202241062', '20224'),
('12202241063', '12202241063', '20224'),
('12202241064', '12202241064', '20224'),
('12202241065', '12202241065', '20224'),
('12202241066', '12202241066', '20224'),
('12202241067', '12202241067', '20224'),
('12202241068', '12202241068', '20224'),
('12202241069', '12202241069', '20224'),
('12202241070', '12202241070', '20224'),
('12202241071', '12202241071', '20224'),
('12202241072', '12202241072', '20224'),
('12202241073', '12202241073', '20224'),
('12202241074', '12202241074', '20224'),
('12202241075', '12202241075', '20224'),
('12202241076', '12202241076', '20224'),
('12202241077', '12202241077', '20224'),
('12202241078', '12202241078', '20224'),
('12202241079', '12202241079', '20224'),
('12202244001', '12202244001', '20224'),
('12202244002', '12202244002', '20224'),
('12202244003', '12202244003', '20224'),
('12202244004', '12202244004', '20224'),
('12202244005', '12202244005', '20224'),
('12202244006', '12202244006', '20224'),
('12202244007', '12202244007', '20224'),
('12202244008', '12202244008', '20224'),
('12202244009', '12202244009', '20224'),
('12202244010', '12202244010', '20224'),
('12202244011', '12202244011', '20224'),
('12202244012', '12202244012', '20224'),
('12202244013', '12202244013', '20224'),
('12202244014', '12202244014', '20224'),
('12202244015', '12202244015', '20224'),
('12202244016', '12202244016', '20224'),
('12202244017', '12202244017', '20224'),
('12202244018', '12202244018', '20224'),
('12202244019', '12202244019', '20224'),
('12202244020', '12202244020', '20224'),
('12202244021', '12202244021', '20224'),
('12202244022', '12202244022', '20224'),
('12202244023', '12202244023', '20224'),
('12202244024', '12202244024', '20224'),
('12202244025', '12202244025', '20224'),
('12202244026', '12202244026', '20224'),
('12202244027', '12202244027', '20224'),
('12202244028', '12202244028', '20224'),
('12202244029', '12202244029', '20224'),
('12202244030', '12202244030', '20224'),
('12202244031', '12202244031', '20224'),
('12202244032', '12202244032', '20224'),
('12202244033', '12202244033', '20224'),
('12202244034', '12202244034', '20224'),
('12202244035', '12202244035', '20224'),
('12202244036', '12202244036', '20224'),
('12202244037', '12202244037', '20224'),
('12202244038', '12202244038', '20224'),
('12202244039', '12202244039', '20224'),
('12202244040', '12202244040', '20224'),
('12202244041', '12202244041', '20224'),
('12202249001', '12202249001', '20224'),
('12202249002', '12202249002', '20224'),
('12202249003', '12202249003', '20224'),
('12202249004', '12202249004', '20224'),
('12211141001', '12211141001', '21114'),
('12211141002', '12211141002', '21114'),
('12211141003', '12211141003', '21114'),
('12211141004', '12211141004', '21114'),
('12211141005', '12211141005', '21114'),
('12211141006', '12211141006', '21114'),
('12211141007', '12211141007', '21114'),
('12211141008', '12211141008', '21114'),
('12211141009', '12211141009', '21114'),
('12211141010', '12211141010', '21114'),
('12211141011', '12211141011', '21114'),
('12211141012', '12211141012', '21114'),
('12211141013', '12211141013', '21114'),
('12211141014', '12211141014', '21114'),
('12211141015', 'bhiiorionza68', '21114'),
('12211141016', '12211141016', '21114'),
('12211141017', '12211141017', '21114'),
('12211141018', '12211141018', '21114'),
('12211141019', '12211141019', '21114'),
('12211141020', '12211141020', '21114'),
('12211141021', '12211141021', '21114'),
('12211141022', '12211141022', '21114'),
('12211141023', '12211141023', '21114'),
('12211141024', '12211141024', '21114'),
('12211141025', '12211141025', '21114'),
('12211141026', '12211141026', '21114'),
('12211141027', '12211141027', '21114'),
('12211141028', '12211141028', '21114'),
('12211141029', '12211141029', '21114'),
('12211141030', '12211141030', '21114'),
('12211141031', '12211141031', '21114'),
('12211141032', '12211141032', '21114'),
('12211141033', '12211141033', '21114'),
('12211141034', 'mbeleklancung', '21114'),
('12211141035', '12211141035', '21114'),
('12211141036', 'onewsangtae', '21114'),
('12211141037', '12211141037', '21114'),
('12211141038', '12211141038', '21114'),
('12211141039', '12211141039', '21114'),
('12211141040', '12211141040', '21114'),
('12211141041', '12211141041', '21114'),
('12211141042', '12211141042', '21114'),
('12211141043', '12211141043', '21114'),
('12211141044', '12211141044', '21114'),
('12211141045', '12211141045', '21114'),
('12211141046', '12211141046', '21114'),
('12211141047', '12211141047', '21114'),
('12211141048', '12211141048', '21114'),
('12211144001', '12211144001', '21114'),
('12211144002', 'jehnacantik', '21114'),
('12211144003', '12211144003', '21114'),
('12211144004', '12211144004', '21114'),
('12211144005', '082254', '21114'),
('12211144006', '12211144006', '21114'),
('12211144007', 'jeremine', '21114'),
('12211144008', '12211144008', '21114'),
('12211144009', '12211144009', '21114'),
('12211144010', '12211144010', '21114'),
('12211144011', '12211144011', '21114'),
('12211144012', '12211144012', '21114'),
('12211144013', '12211144013', '21114'),
('12211144014', '12211144014', '21114'),
('12211144015', '12211144015', '21114'),
('12211144016', '12211144016', '21114'),
('12211144017', 'sarniwati64', '21114'),
('12211144018', '12211144018', '21114'),
('12211144019', '12211144019', '21114'),
('12211144020', '12211144020', '21114'),
('12211144021', '12211144021', '21114'),
('12211144022', '12211144022', '21114'),
('12211144023', '12211144023', '21114'),
('12211144024', '12211144024', '21114'),
('12211144025', '12211144025', '21114'),
('12211144026', '12211144026', '21114'),
('12211144027', '12211144027', '21114'),
('12211144028', '12211144028', '21114'),
('12211144029', '12211144029', '21114'),
('12211144030', '12211144030', '21114'),
('12211144031', '12211144031', '21114'),
('12211144032', '12211144032', '21114'),
('12211144033', '12211144033', '21114'),
('12211144034', '12211144034', '21114'),
('12211144035', '12211144035', '21114'),
('12211144036', '12211144036', '21114'),
('12211144037', '12211144037', '21114'),
('12211144038', '12211144038', '21114'),
('12211144039', '12211144039', '21114'),
('12211144040', '12211144040', '21114'),
('12211144041', '12211144041', '21114'),
('12211144042', '12211144042', '21114'),
('12211149001', '12211149001', '21114'),
('13202241001', '13202241001', '20224'),
('13202241002', '13202241002', '20224'),
('13202241003', '13202241003', '20224'),
('13202241004', 'ridha-muuu', '20224'),
('13202241005', '13202241005', '20224'),
('13202241006', '13202241006', '20224'),
('13202241007', '30sep2013', '20224'),
('13202241008', '13202241008', '20224'),
('13202241009', '13202241009', '20224'),
('13202241010', 'akucantikbanget', '20224'),
('13202241011', '13202241011', '20224'),
('13202241012', '24121995', '20224'),
('13202241013', 'sandofa28', '20224'),
('13202241014', '085729393863', '20224'),
('13202241015', '13202241015', '20224'),
('13202241016', '13202241016', '20224'),
('13202241017', '13202241017', '20224'),
('13202241018', '13202241018', '20224'),
('13202241019', 'forlovingyou', '20224'),
('13202241020', '13202241020', '20224'),
('13202241021', '13202241021', '20224'),
('13202241023', '085747882007', '20224'),
('13202241024', '13202241024', '20224'),
('13202241025', '491729nurwahyuni', '20224'),
('13202241026', 'the arnage', '20224'),
('13202241027', '13202241027', '20224'),
('13202241028', '13202241028', '20224'),
('13202241029', '13202241029', '20224'),
('13202241030', '13202241030', '20224'),
('13202241031', '13202241031', '20224'),
('13202241032', '13202241032', '20224'),
('13202241033', '13202241033', '20224'),
('13202241034', '13202241034', '20224'),
('13202241035', '13202241035', '20224'),
('13202241036', '085712154128', '20224'),
('13202241037', '26januari1995', '20224'),
('13202241038', 'yousonofabitch', '20224'),
('13202241039', '13202241039', '20224'),
('13202241040', '13202241040', '20224'),
('13202241041', '13202241041', '20224'),
('13202241042', 'liestiani', '20224'),
('13202241043', '13202241043', '20224'),
('13202241044', '13202241044', '20224'),
('13202241045', '13202241045', '20224'),
('13202241046', '13202241046', '20224'),
('13202241047', '13202241047', '20224'),
('13202241048', 'QwE)(*,7', '20224'),
('13202241049', '13202241049', '20224'),
('13202241050', '13202241050', '20224'),
('13202241051', '13202241051', '20224'),
('13202241052', 'iscalio', '20224'),
('13202241053', '3812712345', '20224'),
('13202241054', '13202241054', '20224'),
('13202241055', '13202241055', '20224'),
('13202241056', 'duofatafa', '20224'),
('13202241057', '13202241057', '20224'),
('13202241058', '13202241058', '20224'),
('13202241059', '13202241059', '20224'),
('13202241060', '13202241060', '20224'),
('13202241061', '13202241061', '20224'),
('13202241062', '13202241062', '20224'),
('13202241063', '13202241063', '20224'),
('13202241064', '13202241064', '20224'),
('13202241065', '13202241065', '20224'),
('13202241066', '13202241066', '20224'),
('13202241067', '13202241067', '20224'),
('13202241068', '13202241068', '20224'),
('13202241069', '13202241069', '20224'),
('13202241070', 'pengenkurus', '20224'),
('13202241071', '13202241071', '20224'),
('13202241073', '13202241073', '20224'),
('13202241074', '13202241074', '20224'),
('13202241076', '13202241076', '20224'),
('13202241077', '13202241077', '20224'),
('13202241078', '13202241078', '20224'),
('13202241079', '13202241079', '20224'),
('13202241080', '13202241080', '20224'),
('13202241081', '13202241081', '20224'),
('13202241082', '13202241082', '20224'),
('13202241083', '13202241083', '20224'),
('13202241084', '13202241084', '20224'),
('13202241085', '13202241085', '20224'),
('13202241086', '13202241086', '20224'),
('13202244001', '13202244001', '20224'),
('13202244002', '13202244002', '20224'),
('13202244003', '13202244003', '20224'),
('13202244004', '13202244004', '20224'),
('13202244005', '13202244005', '20224'),
('13202244006', '13202244006', '20224'),
('13202244007', '120310DRR', '20224'),
('13202244008', '13202244008', '20224'),
('13202244009', '13202244009', '20224'),
('13202244010', '13202244010', '20224'),
('13202244011', '13202244011', '20224'),
('13202244012', '13202244012', '20224'),
('13202244013', '13202244013', '20224'),
('13202244014', '13202244014', '20224'),
('13202244015', 'sempend', '20224'),
('13202244016', '13202244016', '20224'),
('13202244017', '13202244017', '20224'),
('13202244018', '13202244018', '20224'),
('13202244019', '13202244019', '20224'),
('13202244020', '13202244020', '20224'),
('13202244021', '13202244021', '20224'),
('13202244022', '13202244022', '20224'),
('13202244023', '13202244023', '20224'),
('13202244024', '13202244024', '20224'),
('13202244025', '13202244025', '20224'),
('13202244026', '13202244026', '20224'),
('13202244027', '13202244027', '20224'),
('13202244028', '13202244028', '20224'),
('13202244029', '13202244029', '20224'),
('13202244030', '13202244030', '20224'),
('13202244031', 'renny27?', '20224'),
('13202244032', '13202244032', '20224'),
('13202244033', '13202244033', '20224'),
('13202244034', '13202244034', '20224'),
('13202249001', '13202249001', '20224'),
('13202249002', '18021994', '20224'),
('13211141001', '17101995', '21114'),
('13211141002', '13211141002', '21114'),
('13211141003', '13211141003', '21114'),
('13211141004', '13211141004', '21114'),
('13211141005', '13211141005', '21114'),
('13211141006', '13211141006', '21114'),
('13211141007', 'kharismaputra007@', '21114'),
('13211141008', '13211141008', '21114'),
('13211141009', 'zamah313029', '21114'),
('13211141010', 'tuty18fahna', '21114'),
('13211141011', '13211141011', '21114'),
('13211141012', '13211141012', '21114'),
('13211141013', 'sp4949', '21114'),
('13211141014', '13211141014', '21114'),
('13211141015', '13211141015', '21114'),
('13211141016', '11011976', '21114'),
('13211141017', '13211141017', '21114'),
('13211141018', '13211141018', '21114'),
('13211141019', '13211141019', '21114'),
('13211141020', '13211141020', '21114'),
('13211141021', '13211141021', '21114'),
('13211141022', 'destiana11rahmawati', '21114'),
('13211141023', 'februari14', '21114'),
('13211141024', 'ahmedcholifah', '21114'),
('13211141025', '13211141025', '21114'),
('13211141026', '13211141026', '21114'),
('13211141027', '13211141027', '21114'),
('13211141028', '13211141028', '21114'),
('13211141029', '13211141029', '21114'),
('13211141030', '13211141030', '21114'),
('13211141031', '13211141031', '21114'),
('13211141032', '01041995', '21114'),
('13211141033', 'yaallah', '21114'),
('13211141034', '13211141034', '21114'),
('13211141035', '13211141035', '21114'),
('13211141036', '13211141036', '21114'),
('13211141037', '13211141037', '21114'),
('13211141038', '13211141038', '21114'),
('13211141039', '13211141039', '21114'),
('13211141040', '13211141040', '21114'),
('13211141041', '13211141041', '21114'),
('13211141042', 'sungkono', '21114'),
('13211141043', '13211141043', '21114'),
('13211141044', '13211141044', '21114'),
('13211141045', '13211141045', '21114'),
('13211141046', '13211141046', '21114'),
('13211141047', '13211141047', '21114'),
('13211141048', '13211141048', '21114'),
('13211141049', '13211141049', '21114'),
('13211141050', '13211141050', '21114'),
('13211141051', '13211141051', '21114'),
('13211141052', '13211141052', '21114'),
('13211141053', '13211141053', '21114'),
('13211141054', '13211141054', '21114'),
('13211141055', '13211141055', '21114'),
('13211141056', '13211141056', '21114'),
('13211141057', '13211141057', '21114'),
('13211141058', '13211141058', '21114'),
('13211141059', '13211141059', '21114'),
('13211141060', 'supayacepatlulus', '21114'),
('13211141061', 'RAyza_2212', '21114'),
('13211141062', '13211141062', '21114'),
('13211141063', '13211141063', '21114'),
('13211141064', '13211141064', '21114'),
('13211141066', '13211141066', '21114'),
('13211144001', '13211144001', '21114'),
('13211144002', '13211144002', '21114'),
('13211144003', '13211144003', '21114'),
('13211144004', '13211144004', '21114'),
('13211144005', '13211144005', '21114'),
('13211144006', '13211144006', '21114'),
('13211144007', '13211144007', '21114'),
('13211144008', '13211144008', '21114'),
('13211144009', '13211144009', '21114'),
('13211144010', 'kane4567', '21114'),
('13211144011', '13211144011', '21114'),
('13211144012', 'wanted12', '21114'),
('13211144013', '13211144013', '21114'),
('13211144014', '13211144014', '21114'),
('13211144015', '13211144015', '21114'),
('13211144016', '13211144016', '21114'),
('13211144017', '13211144017', '21114'),
('13211144018', '13211144018', '21114'),
('13211144019', '13211144019', '21114'),
('13211144020', '13211144020', '21114'),
('13211144021', 'rahmawat1', '21114'),
('13211144022', '13211144022', '21114'),
('13211144024', 'bo3ng4894', '21114'),
('13211144025', '13211144025', '21114'),
('13211144026', 'ahmedkazama', '21114'),
('13211149001', '13211149001', '21114'),
('13211149002', '13211149002', '21114'),
('13211149003', '13211149003', '21114'),
('14202241002', '14202241002', '20224'),
('14202241004', '14202241004', '20224'),
('14202241005', '14202241005', '20224'),
('14202241006', '14202241006', '20224'),
('14202241007', '14202241007', '20224'),
('14202241008', '14202241008', '20224'),
('14202241009', '14202241009', '20224'),
('14202241010', '14202241010', '20224'),
('14202241012', '14202241012', '20224'),
('14202241013', 'yogyakarta23', '20224'),
('14202241014', '14202241014', '20224'),
('14202241015', '14202241015', '20224'),
('14202241016', '14202241016', '20224'),
('14202241017', '14202241017', '20224'),
('14202241018', '14202241018', '20224'),
('14202241019', '14202241019', '20224'),
('14202241020', '14202241020', '20224'),
('14202241021', '14202241021', '20224'),
('14202241022', '14202241022', '20224'),
('14202241023', '14202241023', '20224'),
('14202241024', '14202241024', '20224'),
('14202241025', '14202241025', '20224'),
('14202241026', '14202241026', '20224'),
('14202241027', '14202241027', '20224'),
('14202241028', '14202241028', '20224'),
('14202241029', '14202241029', '20224'),
('14202241030', '14202241030', '20224'),
('14202241031', '14202241031', '20224'),
('14202241032', '14202241032', '20224'),
('14202241033', '14202241033', '20224'),
('14202241034', '14202241034', '20224'),
('14202241035', '14202241035', '20224'),
('14202241036', '14202241036', '20224'),
('14202241037', '14202241037', '20224'),
('14202241038', '14202241038', '20224'),
('14202241039', '14202241039', '20224'),
('14202241040', '14202241040', '20224'),
('14202241041', '14202241041', '20224'),
('14202241042', '14202241042', '20224'),
('14202241043', '14202241043', '20224'),
('14202241044', '14202241044', '20224'),
('14202241045', '14202241045', '20224'),
('14202241046', '14202241046', '20224'),
('14202241048', '14202241048', '20224'),
('14202241049', '14202241049', '20224'),
('14202241050', '14202241050', '20224'),
('14202241051', '14202241051', '20224'),
('14202241052', '14202241052', '20224'),
('14202241054', '14202241054', '20224'),
('14202241055', '14202241055', '20224'),
('14202241056', '14202241056', '20224'),
('14202241058', '14202241058', '20224'),
('14202241059', '14202241059', '20224'),
('14202241060', '14202241060', '20224'),
('14202241061', '14202241061', '20224'),
('14202241062', '14202241062', '20224'),
('14202241063', '14202241063', '20224'),
('14202241064', '14202241064', '20224'),
('14202241065', 'fightfortomorrow', '20224'),
('14202241066', '14202241066', '20224'),
('14202241067', '14202241067', '20224'),
('14202241068', '14202241068', '20224'),
('14202241070', '14202241070', '20224'),
('14202241072', '14202241072', '20224'),
('14202241073', '14202241073', '20224'),
('14202241074', '14202241074', '20224'),
('14202241075', '14202241075', '20224'),
('14202241076', '14202241076', '20224'),
('14202241077', '14202241077', '20224'),
('14202241078', '14202241078', '20224'),
('14202241079', '14202241079', '20224'),
('14202241080', '14202241080', '20224'),
('14202241081', '14202241081', '20224'),
('14202241082', '14202241082', '20224'),
('14202241083', '14202241083', '20224'),
('14202241084', '14202241084', '20224'),
('14202241085', '14202241085', '20224'),
('14202241086', '14202241086', '20224'),
('14202241088', 'katasandi@', '20224'),
('14202244001', '14202244001', '20224'),
('14202244003', '14202244003', '20224'),
('14202244004', '14202244004', '20224'),
('14202244005', '14202244005', '20224'),
('14202244006', '14202244006', '20224'),
('14202244007', '14202244007', '20224'),
('14202244009', '14202244009', '20224'),
('14202244010', '14202244010', '20224'),
('14202244011', '14202244011', '20224'),
('14202244012', '14202244012', '20224'),
('14202244013', '14202244013', '20224'),
('14202244014', '14202244014', '20224'),
('14202244016', '14202244016', '20224'),
('14202244017', '14202244017', '20224'),
('14202244018', '14202244018', '20224'),
('14202244019', '14202244019', '20224'),
('14202244020', '!Myl4$#@', '20224'),
('14202244021', '14202244021', '20224'),
('14202244022', '14202244022', '20224'),
('14202244023', '14202244023', '20224'),
('14202244024', '14202244024', '20224'),
('14202244025', '14202244025', '20224'),
('14202244026', '14202244026', '20224'),
('14202244027', '14202244027', '20224'),
('14202244028', '14202244028', '20224'),
('14202244029', '14202244029', '20224'),
('14202244030', '14202244030', '20224'),
('14202244031', '14202244031', '20224'),
('14202249001', '14202249001', '20224'),
('14211141001', '14211141001', '21114'),
('14211141002', '14211141002', '21114'),
('14211141003', '14211141003', '21114'),
('14211141004', '14211141004', '21114'),
('14211141005', '14211141005', '21114'),
('14211141006', '14211141006', '21114'),
('14211141007', '14211141007', '21114'),
('14211141008', '14211141008', '21114'),
('14211141009', '14211141009', '21114'),
('14211141010', '30September1996', '21114'),
('14211141011', '14211141011', '21114'),
('14211141012', '14211141012', '21114'),
('14211141013', '14211141013', '21114'),
('14211141014', '14211141014', '21114'),
('14211141015', '14211141015', '21114'),
('14211141016', '14211141016', '21114'),
('14211141017', '14211141017', '21114'),
('14211141018', '14211141018', '21114'),
('14211141019', '14211141019', '21114'),
('14211141020', '14211141020', '21114'),
('14211141021', '14211141021', '21114'),
('14211141022', '14211141022', '21114'),
('14211141023', '14211141023', '21114'),
('14211141024', '14211141024', '21114'),
('14211141025', '14211141025', '21114'),
('14211141026', '14211141026', '21114'),
('14211141027', 'yustikarini', '21114'),
('14211141028', '14211141028', '21114'),
('14211141029', '14211141029', '21114'),
('14211141030', '14211141030', '21114'),
('14211141031', '14211141031', '21114'),
('14211141032', 'juni2010ya', '21114'),
('14211141033', '14211141033', '21114'),
('14211141034', '14211141034', '21114'),
('14211141035', '14211141035', '21114'),
('14211141036', '14211141036', '21114'),
('14211141037', '14211141037', '21114'),
('14211141038', '14211141038', '21114'),
('14211141039', '212819na', '21114'),
('14211141040', '14211141040', '21114'),
('14211141041', '14211141041', '21114'),
('14211141042', '14211141042', '21114'),
('14211141043', '14211141043', '21114'),
('14211141044', '14211141044', '21114'),
('14211141045', '14211141045', '21114'),
('14211141046', '14211141046', '21114'),
('14211141047', '14211141047', '21114'),
('14211141048', '14211141048', '21114'),
('14211141049', '14211141049', '21114'),
('14211141050', '14211141050', '21114'),
('14211141051', '14211141051', '21114'),
('14211141052', '14211141052', '21114'),
('14211141053', '14211141053', '21114'),
('14211141054', '14211141054', '21114'),
('14211141055', '14211141055', '21114'),
('14211141056', '14211141056', '21114'),
('14211141057', '14211141057', '21114'),
('14211141058', '14211141058', '21114'),
('14211141059', '14211141059', '21114');
INSERT INTO `tbl_user` (`username`, `pass`, `id_prodi`) VALUES ('14211144001', '14211144001', '21114'),
('14211144002', '14211144002', '21114'),
('14211144003', '14211144003', '21114'),
('14211144004', '14211144004', '21114'),
('14211144005', '14211144005', '21114'),
('14211144006', '14211144006', '21114'),
('14211144007', '14211144007', '21114'),
('14211144008', '14211144008', '21114'),
('14211144009', 'babobabo', '21114'),
('14211144010', '14211144010', '21114'),
('14211144011', '14211144011', '21114'),
('14211144012', '14211144012', '21114'),
('14211144013', '14211144013', '21114'),
('14211144014', '14211144014', '21114'),
('14211144015', '14211144015', '21114'),
('14211144016', 'tisnafikriridhofbs18', '21114'),
('14211144017', '14211144017', '21114'),
('14211144018', '14211144018', '21114'),
('14211144019', '14211144019', '21114'),
('14211144020', '14211144020', '21114'),
('14211144021', '14211144021', '21114'),
('14211144022', '14211144022', '21114'),
('14211144023', '14211144023', '21114'),
('14211149001', '14211149001', '21114');

-- --------------------------------------------------------

-- 
-- Table structure for table `tbl_user_prodi`
-- 

CREATE TABLE `tbl_user_prodi` (
  `username` varchar(10) default NULL,
  `pass` varchar(25) default NULL,
  `id_prodi` varchar(5) default NULL
) ENGINE=InnoDB DEFAULT CHARSET=latin1;

-- 
-- Dumping data for table `tbl_user_prodi`
-- 

INSERT INTO `tbl_user_prodi` (`username`, `pass`, `id_prodi`) VALUES ('eko', 'eko', '21114'),
('pbi', 'pbi01', '20224');

-- 
-- Constraints for dumped tables
-- 

-- 
-- Constraints for table `tbl_mhs`
-- 
ALTER TABLE `tbl_mhs`
  ADD CONSTRAINT `tbl_mhs_ibfk_1` FOREIGN KEY (`id_prodi`) REFERENCES `tbl_prodi` (`id_prodi`);
